pLeft_ID,pRight_ID,pLeft_coord,pRight_coord,SNP_inclusion
P1-ns-L1,P1-ns-R1,760567,761385,"rpoB-p.Ala286Val,rpoB-p.Thr400Ala,rpoB-p.Gln409His,rpoB-p.Glu423Ala,rpoB-p.Phe424Leu,rpoB-p.Phe424Val,rpoB-p.Phe424Ser,rpoB-c.1276_1281delGGCACC,rpoB-c.1279_1284delACCAGC,rpoB-p.Gly426Ser,rpoB-p.Gly426Asp,rpoB-c.1278_1286delCACCAGCCA,rpoB-c.1280_1291delCCAGCCAGCTGA,rpoB-p.Thr427Ala,rpoB-p.Thr427Gly,rpoB-p.Thr427Pro,rpoB-c.1280_1285delCCAGCC,rpoB-p.Thr427Ser,rpoB-p.Thr427Ile,rpoB-p.Thr427Asn,rpoB-c.1287_1295delGCTGAGCCA,rpoB-p.Ser428Gly,rpoB-p.Ser428Arg,rpoB-p.Ser428Thr,rpoB-p.Ser428Ile,rpoB-p.Gln429Lys,rpoB-p.Gln429Pro,rpoB-p.Gln429Leu,rpoB-p.Gln429His,rpoB-c.1291_1302delAGCCAATTCATG,rpoB-p.Leu430Val,rpoB-p.Leu430Pro,rpoB-p.Leu430Arg,rpoB-p.Ser431Gly,rpoB-c.1292_1294dupGCC,rpoB-p.Ser431Arg,rpoB-c.1296_1307delATTCATGGACCA,rpoB-p.Ser431Thr,rpoB-c.1293_1295dupCCA,rpoB-c.1294_1299delCAATTC,rpoB-c.1294_1296delCAA,rpoB-c.1294_1302delCAATTCATG,rpoB-p.Gln432Lys,rpoB-p.Gln432Glu,rpoB-c.1296_1304delATTCATGGA,rpoB-p.Gln432Asn,rpoB-p.Gln432Pro,rpoB-p.Gln432Leu,rpoB-p.Gln432Arg,rpoB-p.Gln432His,rpoB-c.1297_1299dupTTC,rpoB-c.1297_1305delTTCATGGAC,rpoB-c.1300_1305delATGGAC,rpoB-p.Phe433Leu,rpoB-p.Met434Val,rpoB-p.Met434Leu,rpoB-p.Met434Thr,rpoB-c.1302_1310delGGACCAGAA,rpoB-c.1303_1308delGACCAG,rpoB-c.1303_1317delGACCAGAACAACCCG,rpoB-c.1303_1305delGAC,rpoB-p.Met434Ile,rpoB-p.Asp435Tyr,rpoB-p.Asp435Phe,rpoB-p.Asp435Asn,rpoB-c.1306_1311delCAGAAC,rpoB-p.Asp435Leu,rpoB-p.Asp435His,rpoB-c.1305_1307delCCA,rpoB-p.Asp435Gly,rpoB-p.Asp435Val,rpoB-p.Asp435Ala,rpoB-p.Asp435Glu,rpoB-c.1306_1308delCAG,rpoB-p.Gln436Asn,rpoB-p.Gln436Leu,rpoB-p.Gln436Pro,rpoB-c.1312_1314delAAC,rpoB-p.Gln436His,rpoB-p.Asn437His,rpoB-p.Asn437Asp,rpoB-p.Asn437Tyr,rpoB-p.Asn437Ile,rpoB-p.Asn437Ser,rpoB-p.Asn437Thr,rpoB-p.Asn438Lys,rpoB-p.Pro439Ser,rpoB-p.Pro439Leu,rpoB-p.Leu440Pro,rpoB-p.Ser441Ala,rpoB-p.Ser441Gln,rpoB-p.Ser441Met,rpoB-p.Ser441Val,rpoB-p.Ser441Leu,rpoB-p.Ser441Trp,rpoB-p.Gly442Trp,rpoB-p.Gly442Glu,rpoB-p.Gly442Ala,rpoB-c.1327_1332delTTGACC,rpoB-p.Leu443Ser,rpoB-c.1329_1331dupGAC,rpoB-p.Leu443Trp,rpoB-p.Leu443Phe,rpoB-c.1330_1332dupACC,rpoB-p.Thr444Pro,rpoB-p.Thr444Ser,rpoB-p.Thr444Ile,rpoB-c.1334_1339delACAAGC,rpoB-p.His445Asn,rpoB-p.His445Asp,rpoB-p.His445Tyr,rpoB-p.His445Cys,rpoB-p.His445Ser,rpoB-p.His445Gly,rpoB-p.His445Thr,rpoB-p.His445Phe,rpoB-p.His445Arg,rpoB-p.His445Leu,rpoB-p.His445Pro,rpoB-p.His445Gln,rpoB-p.Lys446Glu,rpoB-p.Lys446Gln,rpoB-p.Lys446Arg,rpoB-p.Lys446Thr,rpoB-p.Lys446Asn,rpoB-p.Arg448Lys,rpoB-p.Arg448Gln,rpoB-c.1348_1356delTCGGCGCTG,rpoB-p.Leu449Met,rpoB-p.Ser450Ala,rpoB-p.Ser450Gly,rpoB-p.Ser450Met,rpoB-p.Ser450Gln,rpoB-p.Ser450Val,rpoB-p.Ser450Leu,rpoB-p.Ser450Phe,rpoB-p.Ser450Trp,rpoB-p.Ser450Tyr,rpoB-p.Ser450Cys,rpoB-p.Ala451Val,rpoB-p.Ala451Gly,rpoB-p.Leu452Val,rpoB-p.Leu452Met,rpoB-p.Leu452Pro,rpoB-p.Leu452Gln,rpoB-p.Pro454Ser,rpoB-p.Pro454His,rpoB-p.Pro454Arg,rpoB-p.Glu460Gly,rpoB-p.Leu464Met,rpoB-p.Ile480Val,rpoB-p.Ile480Thr,rpoB-p.Glu481Gly,rpoB-p.Thr482Pro,rpoB-p.Pro483Leu,rpoB-p.Leu490Val,rpoB-p.Ile491Phe,rpoB-p.Ser493Leu"
P2-ns-L1,P2-ns-R1,2155074,2155867,"katG-c.1032delG,katG-c.1024dupG,katG-c.1024delG,katG-p.Trp341Ser,katG-c.1016delA,katG-c.1013delG,katG-p.Tyr337Cys,katG-p.Tyr337Phe,katG-c.1006delC,katG-p.Ile335Thr,katG-c.1002_1003dupGA,katG-p.Ile335Val,katG-c.1002dupG,katG-c.1000dupG,katG-c.995delT,katG-c.986delA,katG-c.985delG,katG-p.Trp328Cys,katG-p.Trp328Leu,katG-p.Trp328Ser,katG-c.978delG,katG-p.Thr326Met,katG-c.974delC,katG-c.973_974delCC,katG-p.Thr324Pro,katG-c.969dupC,katG-p.Trp321*,katG-p.Trp321Cys,katG-p.Trp321Ser,katG-p.Trp321Leu,katG-p.Trp321Arg,katG-c.-4888_958del,katG-c.955_956dupGT,katG-c.956delT,katG-c.955delG,katG-p.Ile317Leu,katG-p.Ile317Val,katG-p.Gly316Asp,katG-p.Gly316Ser,katG-c.945delC,katG-p.Ser315Thr,katG-p.Ser315Gly,katG-p.Ser315Arg,katG-p.Ser315Asn,katG-p.Ser315Ile,katG-c.943delA,katG-c.942delC,katG-p.Asp311Glu,katG-p.Asp311Gly,katG-p.Asp311Tyr,katG-c.929delA,katG-c.927delT,katG-c.926_927insA,katG-p.Gly309Asp,katG-p.Gly309Ser,katG-p.Gly309Cys,katG-p.Thr308Pro,katG-p.Gly307Glu,katG-p.Gly307Arg,katG-c.916delA,katG-c.914delG,katG-p.Gly305Ala,katG-p.Ser302Arg,katG-c.902delA,katG-p.Trp300*,katG-p.Trp300Gly,katG-c.897delC,katG-p.Gly299Ala,katG-p.Gly299Cys,katG-c.893delT,katG-c.890delG,katG-p.Gly297Val,katG-c.883dupC,katG-p.Gln295Pro,katG-c.882delG,katG-c.867_873dupGGCTGCT,katG-p.Glu289Asp,katG-c.861_866delACCCGA,katG-c.864dupC,katG-c.859delG,katG-c.858delC,katG-p.Gly285Asp,katG-c.848_849delTG,katG-p.Ala281Val,katG-c.839delC,katG-p.Gly279Asp,katG-c.831_835dupCGCCG,katG-c.834delC,katG-c.831dupC,katG-c.826delC,katG-c.826_827insT,katG-p.Thr275Ala,katG-p.Thr275Pro,katG-p.Thr275Ser,katG-c.821delA,katG-c.819delT,katG-c.-5563_818del,katG-c.815dupT,katG-c.811_812delAC,katG-c.-13142_799del,katG-c.794delT,katG-p.Ala264Thr,katG-c.784delA,katG-p.Glu261Lys,katG-c.780delC,katG-c.776delA,katG-p.Asp259Glu,katG-c.775_776delGA,katG-p.Asn258Ser,katG-c.771delG,katG-p.Met257Ile,katG-c.770delT,katG-p.Met257Thr,katG-c.766delG,katG-c.761_762insTCGTT,katG-c.756delT,katG-p.Phe252Leu,katG-p.Thr251Met,katG-p.Arg249Cys,katG-c.729delC,katG-p.Ala243Ser,katG-c.720_724dupCCCCA,katG-c.723delC,katG-c.719delA,katG-p.Asn238Lys,katG-c.713delA,katG-c.-14064_710del,katG-c.581_707del,katG-p.Asn236Thr,katG-c.704dupC,katG-c.702delG,katG-c.702dupG,katG-p.Gly234Glu,katG-p.Gly234Arg,katG-c.398_698del,katG-c.695_696insT,katG-c.690delG,katG-p.Val230Ala,katG-c.684_685dupCT,katG-c.678_679dupGC,katG-c.678delG,katG-p.Asn218Lys,katG-c.653dupA,katG-c.649delG,katG-c.643delG,katG-c.640delC,katG-c.633dupC,katG-c.633_634insT,katG-c.629delA,katG-c.628delT,katG-c.621delT,katG-c.618delC,katG-c.612delG,katG-p.Trp204*,katG-c.607_608dupAC,katG-c.601_602dupGA,katG-c.597dupC,katG-c.578_597delCCGATGAGGTCTATTGGGGC,katG-c.596dupG,katG-c.596delG,katG-p.Trp198*,katG-c.592dupT,katG-c.588dupC,katG-c.585_586dupGG,katG-p.Glu195Lys,katG-c.580delG,katG-c.579delC,katG-c.574dupG,katG-c.-4547_574del,katG-p.Trp191Arg,katG-c.565delG,katG-p.Gly186Val,katG-c.554delT,katG-c.531_540delCTTCAAGACG,katG-p.Thr180Lys,katG-c.524_536delCGATGGGCTTCAA,katG-c.536delA,katG-c.530delG,katG-c.527_530delTGGG,katG-c.517_529delCTGGAATCGATGG,katG-p.Met176Ile,katG-p.Ser175*,katG-c.522_523insAGTC,katG-p.Ala172Val,katG-p.Ala172Thr,katG-c.512delG,katG-c.497_501delTTTTC,katG-c.500dupT,katG-c.500delT,katG-c.495dupT,katG-c.485dupC,katG-c.485delC,katG-c.484delG,katG-c.484dupG,katG-p.Ala162Thr,katG-p.Trp161*,katG-c.478_479dupTC,katG-p.Ser160Leu,katG-c.476delT,katG-c.464_473delACGGCAAGAA,katG-c.470delA,katG-p.Tyr155*,katG-p.Tyr155Cys,katG-p.Tyr155Ser,katG-c.461delA,katG-c.451delG,katG-c.446_447dupGG,katG-p.Trp149*,katG-c.428delA,katG-p.Lys143Thr,katG-p.Asp142Ala,katG-c.424delG,katG-c.422delT,katG-p.Leu141Phe,katG-c.421_422insGT,katG-p.Ser140Asn,katG-p.Ser140Gly,katG-c.416_417insG,katG-c.415_416insT,katG-p.Ala139Pro,katG-p.Asn138Ser,katG-p.Asn138Asp,katG-p.Asn138His,katG-c.411delC,katG-c.408delC,katG-c.403delT,katG-c.392_402delCGCTTAACAGC,katG-c.396delT,katG-c.390_391delGC,katG-c.384_388delGTTCG,katG-c.-653_388del,katG-c.382dupC,katG-p.Arg128Pro,katG-c.375_382dupCATGCAGC,katG-c.377_380dupTGCA,katG-p.Gln127Pro,katG-c.378delG,katG-p.Gln127*,katG-p.Met126Ile,katG-c.376_377delAT,katG-c.373_376delGGCA,katG-c.372_375delCGGC,katG-c.372_373delCG,katG-c.372_373dupCG,katG-p.Gly125Cys,katG-c.372delC,katG-c.372_373insAG,katG-c.371delG,katG-c.371dupG,katG-c.369_371delGGG,katG-c.369_370insCA,katG-c.366_367delCG,katG-c.367delG,katG-c.362_364delGCG,katG-p.Gly121Val,katG-p.Gly121Cys,katG-c.349dupG,katG-c.344_347delTCCA,katG-c.344delT,katG-c.337_340dupTACC,katG-c.337delT,katG-c.336dupC,katG-c.332delG,katG-p.Ala110Val,katG-p.Ala109Val,katG-c.325delG,katG-p.His108Gln,katG-c.321delG,katG-p.His108Asp,katG-c.-2557_320del,katG-p.Trp107*,katG-p.Trp107Arg,katG-p.Ala106Val,katG-c.313_316dupATGG,katG-c.316delG,katG-c.316dupG,katG-p.Arg104Leu,katG-c.310dupC,katG-p.Arg104Gln,katG-c.306delT,katG-c.300_301delGC,katG-c.300_301insGC,katG-c.296_297delGG,katG-c.297delG,katG-c.296_297insTG,katG-p.Gly99Glu,katG-c.285_292delCGGCCACT,katG-c.289delC,katG-c.281_285delACTAC,katG-p.Gly96Cys,katG-p.Asp94Ala,katG-p.Asp94Gly,katG-c.275_276dupCC,katG-c.275_276insGTAGT,katG-c.273delG,katG-p.Trp91Arg,katG-p.Trp90*,katG-c.268dupT,katG-c.267_268insT,katG-p.Gln88Arg,katG-p.Gln88*,katG-c.238_260delATCGAGGAAGTGATGACCACCTC,katG-c.254_258delCCACC,katG-p.Thr85Pro,katG-c.252dupG,katG-p.Met84Ile,katG-c.248_249dupTG"
P3-ns-L1,P3-ns-R1,2288500,2289310,"pncA-c.-70_*152del,pncA-c.-744_*143del,pncA-c.-2217_*138del,pncA-c.510_*135del,pncA-c.-1186_*129del,pncA-c.377_*115del,pncA-c.-1899_*106del,pncA-c.-77_*99del,pncA-c.-981_*98del,pncA-c.-890_*87del,pncA-c.-1198_*81del,pncA-c.90_*77del,pncA-c.-531_*62del,pncA-c.-2048_*47del,pncA-c.-76_*37del,pncA-c.-747_*32del,pncA-c.524_*30delTGCGCACCGCCAGCGTCGAGTTGGTTTGCAGCTCCTGATGGCACCGCCGAACCGGGATGAACTGTTGG,pncA-c.-71_*29del,pncA-c.495_*21delNNNNNNNNNNNNNNNNNNNNNNNNNNNNNNNNNNNNNNNNNNNNNNNNNNNNNNNNNNNNNNNNNNNNNNNNNNNNNNNNNNNNNNNA,pncA-c.539_*18delTCGAGTTGGTTTGCAGCTCCTGATGGCACCGCCGAACCGGG,pncA-c.-56_*17del,pncA-c.-795_*14del,pncA-c.-191_*12del,pncA-c.513_*4delGCTGGAGGAGATGCGCACCGCCAGCGTCGAGTTGGTTTGCAGCTCCTGATGGC,pncA-c.455_*4del,pncA-c.512_*4delNNNNNNNNNNNNNNNNNNNNNNNNNNNNNNNNNNNNNNNNNNNNNNNNNNNNNA,pncA-c.-1736_*4del,pncA-c.560dupG,pncA-c.396_559del,pncA-c.559_560insA,pncA-p.Ser185Thr,pncA-p.Ser185Ile,pncA-c.-779_550del,pncA-c.496_550delNNNNNNNNNNNNNNNNNNNNNNNNNNNNNNNNNNNNNNNNNNNNNNNNNNNNNNG,pncA-c.550dupT,pncA-c.550delT,pncA-c.-815_548del,pncA-c.547dupG,pncA-c.547_548insC,pncA-p.Leu182Ser,pncA-p.Leu182Trp,pncA-c.478_544delACAGCGGGTGTGTCGGCCGATACCACCGTCGCCGCGCTGGAGGAGATGCGCACCGCCAGCGTCGAGT,pncA-c.477_544delNNNNNNNNNNNNNNNNNNNNNNNNNNNNNNNNNNNNNNNNNNNNNNNNNNNNNNNNNNNNNNNNNNNT,pncA-p.Glu181Asp,pncA-c.542delA,pncA-c.540dupC,pncA-p.Glu181*,pncA-c.539dupT,pncA-p.Val180Ala,pncA-p.Val180Gly,pncA-p.Val180Phe,pncA-c.535dupA,pncA-p.Ser179Arg,pncA-c.531_534delCGCC,pncA-c.532_533dupGC,pncA-c.532delG,pncA-c.532dupG,pncA-c.505_532delNNNNNNNNNNNNNNNNNNNNNNNNNNNC,pncA-c.530_531delCC,pncA-c.-1885_530del,pncA-c.529dupA,pncA-c.528delC,pncA-p.Thr177Pro,pncA-c.527_528dupGC,pncA-c.525_528dupGCGC,pncA-c.527dupG,pncA-c.525dupG,pncA-c.524_525dupTG,pncA-p.Met175Ile,pncA-c.524delT,pncA-p.Met175Thr,pncA-p.Met175Arg,pncA-c.519_523dupGGAGA,pncA-p.Met175Lys,pncA-c.523delA,pncA-c.523dupA,pncA-c.522_523delGA,pncA-p.Met175Val,pncA-c.521_522insT,pncA-c.521delA,pncA-c.520dupG,pncA-c.520_521insT,pncA-p.Glu174Gly,pncA-c.519_520dupGG,pncA-c.519_520insT,pncA-c.518_519delAG,pncA-c.518dupA,pncA-c.517dupG,pncA-c.82_517del,pncA-c.513_517delGCTGG,pncA-c.500_515delCCACCGTCGCCGCGCT,pncA-c.515delT,pncA-p.Leu172Pro,pncA-c.513_514dupGC,pncA-c.513_514delGC,pncA-p.Leu172Arg,pncA-c.478_513delACAGCGGGTGTGTCGGCCGATACCACCGTCGCCGCG,pncA-c.477_513delNNNNNNNNNNNNNNNNNNNNNNNNNNNNNNNNNNNNC,pncA-c.512delC,pncA-p.Ala171Val,pncA-p.Ala171Glu,pncA-c.-1001_511del,pncA-p.Ala171Pro,pncA-p.Ala171Thr,pncA-c.505dupG,pncA-c.504delC,pncA-p.Thr168Asn,pncA-c.501delC,pncA-p.Thr168Pro,pncA-c.501dupC,pncA-c.497_500delATAC,pncA-c.468_499delGGTGGACCTGACAGCGGGTGTGTCGGCCGATA,pncA-c.497dupA,pncA-c.493_496dupGCCG,pncA-c.496dupG,pncA-c.496delG,pncA-c.495delC,pncA-c.495dupC,pncA-c.494_495dupCC,pncA-c.495_496insAA,pncA-c.492_494delGGC,pncA-c.493dupG,pncA-c.420_492delNNNNNNNNNNNNNNNNNNNNNNNNNNNNNNNNNNNNNNNNNNNNNNNNNNNNNNNNNNNNNNNNNNNNNNNNG,pncA-p.Ala165Thr,pncA-p.Ser164Pro,pncA-c.491_492insA,pncA-p.Ser164*,pncA-c.490delT,pncA-c.489_490delGT,pncA-c.490dupT,pncA-c.488delT,pncA-c.487delG,pncA-c.486_487insA,pncA-c.486dupT,pncA-c.485dupG,pncA-c.484_485dupGG,pncA-c.485delG,pncA-p.Gly162Asp,pncA-c.474_483dupCCTGACAGCG,pncA-c.482_483dupCG,pncA-c.483_484insT,pncA-c.482_483delCG,pncA-c.480_483dupAGCG,pncA-c.481delG,pncA-p.Ala161Pro,pncA-c.480delA,pncA-c.480_481insT,pncA-c.212_480del,pncA-c.479delC,pncA-p.Thr160Arg,pncA-p.Thr160Pro,pncA-p.Thr160Ala,pncA-c.476delT,pncA-c.475_476dupCT,pncA-p.Leu159Arg,pncA-p.Leu159Pro,pncA-c.475dupC,pncA-c.475delC,pncA-c.474_475dupCC,pncA-c.462_474delGGTGCTGGTGGAC,pncA-p.Leu159Val,pncA-c.473_474dupAC,pncA-c.473delA,pncA-c.472dupG,pncA-c.472delG,pncA-c.470_471insA,pncA-c.470delT,pncA-c.470dupT,pncA-c.469delG,pncA-c.404_467delNNNNNNNNNNNNNNNNNNNNNNNNNNNNNNNNNNNNNNNNNNNNNNNNNNNNNNNNNNNNNNNG,pncA-p.Leu156Pro,pncA-c.459_466delCAGGGTGC,pncA-c.456_466delCACCAGGGTGC,pncA-c.460_466delAGGGTGC,pncA-c.462_466dupGGTGC,pncA-c.407_465delATCATTGTGTGCGCCAGACGGCCGAGGACGCGGTACGCAATGGCTTGGCCACCAGGGTG,pncA-c.464_465dupTG,pncA-c.463_465dupGTG,pncA-c.464delT,pncA-c.451_464delTTGGCCACCAGGGT,pncA-c.464dupT,pncA-c.452_464delTGGCCACCAGGGT,pncA-p.Val155Gly,pncA-p.Val155Ala,pncA-c.462_463dupGG,pncA-c.454_463delGCCACCAGGG,pncA-c.463delG,pncA-c.142_463del,pncA-c.-541_463del,pncA-c.450_463delCTTGGCCACCAGGG,pncA-p.Val155Leu,pncA-p.Val155Met,pncA-c.459_462dupCAGG,pncA-p.Arg154Met,pncA-c.460dupA,pncA-p.Arg154Gly,pncA-c.459delC,pncA-p.Thr153Asn,pncA-c.457delA,pncA-c.457dupA,pncA-c.456dupC,pncA-c.455_456dupCC,pncA-c.456delC,pncA-c.446_455dupATGGCTTGGC,pncA-c.454_455insT,pncA-c.454delG,pncA-c.446_453delATGGCTTG,pncA-c.453_454insT,pncA-c.452delT,pncA-c.451_452delTT,pncA-c.452dupT,pncA-c.450_451dupCT,pncA-p.Leu151Ser,pncA-c.438_450delGGTACGCAATGGC,pncA-c.450dupC,pncA-c.449dupG,pncA-c.440_449delTACGCAATGG,pncA-c.448_449insA,pncA-c.447_448dupTG,pncA-c.447dupT,pncA-c.434_447delACGCGGTACGCAAT,pncA-c.446_447dupAT,pncA-c.447delT,pncA-c.446delA,pncA-c.446dupA,pncA-c.442_445dupCGCA,pncA-c.444_445dupCA,pncA-c.420_445delCCAGACGGCCGAGGACGCGGTACGCA,pncA-c.443_444dupGC,pncA-c.-1867_442del,pncA-p.Arg148Ser,pncA-c.440delT,pncA-c.358_440delNNNNNNNNNNNNNNNNNNNNNNNNNNNNNNNNNNNNNNNNNNNNNNNNNNNNNNNNNNNNNNNNNNNNNNNNNNNNNNNNNNA,pncA-c.439dupG,pncA-c.437_438dupCG,pncA-c.437_438delCG,pncA-p.Ala146Val,pncA-p.Ala146Glu,pncA-p.Ala146Thr,pncA-p.Asp145Glu,pncA-c.433delG,pncA-c.-1769_433del,pncA-c.-1770_433del,pncA-c.430dupG,pncA-c.429delC,pncA-p.Ala143Asp,pncA-p.Ala143Gly,pncA-c.424_427delACGG,pncA-c.427dupG,pncA-p.Ala143Pro,pncA-p.Ala143Thr,pncA-p.Thr142Lys,pncA-p.Thr142Met,pncA-p.Thr142Arg,pncA-c.423_424dupGA,pncA-c.417_424dupGCGCCAGA,pncA-c.423_424delGA,pncA-p.Thr142Ala,pncA-p.Thr142Pro,pncA-c.419_423delGCCAG,pncA-c.392_423delTCGGTATTGCCACCGATCATTGTGTGCGCCAG,pncA-c.422delA,pncA-p.Gln141Pro,pncA-c.421_422insT,pncA-c.421delC,pncA-c.419_420dupGC,pncA-p.Gln141*,pncA-c.419_420delGC,pncA-c.419delG,pncA-c.416_419dupTGCG,pncA-p.Arg140Pro,pncA-c.411_418dupTTGTGTGC,pncA-p.Arg140His,pncA-c.418dupC,pncA-p.Arg140Ser,pncA-c.407_417delATCATTGTGTG,pncA-c.416_417dupTG,pncA-c.417dupG,pncA-p.Arg140Gly,pncA-c.414_417delTGTG,pncA-c.416delT,pncA-c.403_416delACCGATCATTGTGT,pncA-c.-1_416del,pncA-p.Val139Ala,pncA-p.Val139Gly,pncA-c.415dupG,pncA-p.Val139Met,pncA-p.Val139Leu,pncA-c.401_413dupCCACCGATCATTG,pncA-c.393_412dupCGGTATTGCCACCGATCATT,pncA-p.Cys138Tyr,pncA-p.Cys138Ser,pncA-c.412delT,pncA-c.409_412dupCATT,pncA-c.397_412dupATTGCCACCGATCATT,pncA-c.412dupT,pncA-p.Cys138Arg,pncA-c.410delA,pncA-p.His137Arg,pncA-p.His137Pro,pncA-c.409_410insT,pncA-c.406_409dupGATC,pncA-c.408dupT,pncA-c.407dupA,pncA-c.407_408insC,pncA-c.404_407delCCGA,pncA-c.407_408insG,pncA-p.Asp136Gly,pncA-c.406delG,pncA-p.Asp136Tyr,pncA-p.Asp136Asn,pncA-c.405delC,pncA-c.402_405dupCACC,pncA-p.Asp136His,pncA-c.394_404delGGTATTGCCAC,pncA-p.Thr135Asn,pncA-p.Thr135Pro,pncA-c.402dupC,pncA-c.401_402dupCC,pncA-p.Ala134Val,pncA-c.400delG,pncA-c.399_400dupTG,pncA-c.399delT,pncA-c.399dupT,pncA-p.Ala134Ser,pncA-c.397_398dupAT,pncA-p.Ile133Thr,pncA-p.Ile133Asn,pncA-c.397dupA,pncA-c.393_396dupCGGT,pncA-c.395delG,pncA-c.-502_395del,pncA-c.395dupG,pncA-p.Gly132Ala,pncA-p.Gly132Asp,pncA-c.394_395insC,pncA-c.386_394delATGTGGTCG,pncA-c.393_394delCG,pncA-p.Val130Glu,pncA-p.Gly132Val,pncA-c.393_394dupCG,pncA-p.Gly132Ser,pncA-c.393dupC,pncA-c.393delC,pncA-c.393_394insT,pncA-c.393_394insA,pncA-c.394delG,pncA-c.387_393dupTGTGGTC,pncA-c.390_391dupGG,pncA-c.391_392dupGT,pncA-c.392delT,pncA-c.391dupG,pncA-c.391_392insA,pncA-p.Val131Gly,pncA-c.391delG,pncA-p.Val131Phe,pncA-c.389_390delTG,pncA-c.377_390delATGAGGTCGATGTG,pncA-c.375_389delCGATGAGGTCGATGT,pncA-c.389delT,pncA-c.389_390insA,pncA-c.374_389delTCGATGAGGTCGATGT,pncA-c.383_389delTCGATGT,pncA-c.386_389delATGT,pncA-c.377_389delATGAGGTCGATGT,pncA-p.Val130Gly,pncA-p.Val130Ala,pncA-c.380_388delAGGTCGATG,pncA-c.386_388delATG,pncA-c.388delG,pncA-c.387delT,pncA-c.98_386del,pncA-c.386delA,pncA-c.384_385dupCG,pncA-c.385delG,pncA-c.383_384dupTC,pncA-c.383delT,pncA-c.382_383dupGT,pncA-p.Val128Gly,pncA-c.381_382dupGG,pncA-c.382dupG,pncA-c.380_381dupAG,pncA-c.376_377dupGA,pncA-c.375delC,pncA-c.374delT,pncA-p.Val125Gly,pncA-p.Val125Asp,pncA-p.Val125Phe,pncA-c.370_371insA,pncA-c.369delC,pncA-c.359_369delTGCGGCAACGC,pncA-p.Arg123Pro,pncA-c.366dupA,pncA-c.281_365delNNNNNNNNNNNNNNNNNNNNNNNNNNNNNNNNNNNNNNNNNNNNNNNNNNNNNNNNNNNNNNNNNNNNNNNNNNNNNNNNNNNNA,pncA-c.364delC,pncA-p.Gln122*,pncA-c.363delG,pncA-c.361_362delCG,pncA-p.Arg121Pro,pncA-c.-441_359del,pncA-p.Leu120Pro,pncA-p.Leu120Gln,pncA-p.Leu120Arg,pncA-c.357_358insAG,pncA-p.Trp119Cys,pncA-p.Trp119*,pncA-p.Trp119Ser,pncA-c.355dupT,pncA-c.355delT,pncA-p.Trp119Arg,pncA-p.Trp119Gly,pncA-c.353_354dupAT,pncA-c.348_352delGCTGA,pncA-c.350_351insC,pncA-c.349dupC,pncA-c.349_350insA,pncA-c.-785_349del,pncA-p.Leu116Pro,pncA-p.Leu116Arg,pncA-c.340_346dupACGCCAC,pncA-c.346dupC,pncA-c.345delA,pncA-p.Leu116Val,pncA-c.344delC,pncA-c.342delG,pncA-c.340_341delAC,pncA-c.341delC,pncA-c.-191_341del,pncA-c.182_341del,pncA-c.340delA,pncA-p.Thr114Pro,pncA-c.339dupC,pncA-p.Thr114Ala,pncA-c.329_338delACGAGAACGG,pncA-c.256_337delNNNNNNNNNNNNNNNNNNNNNNNNNNNNNNNNNNNNNNNNNNNNNNNNNNNNNNNNNNNNNNNNNNNNNNNNNNNNNNNNNG,pncA-c.335delA,pncA-c.335dupA,pncA-c.333dupG,pncA-c.326_333delTCGACGAG,pncA-c.332delA,pncA-c.328delG,pncA-c.328dupG,pncA-c.321_324delAGGA,pncA-c.312_323delCGGCTTCGAAGG,pncA-p.Gly108Glu,pncA-c.-1143_322del,pncA-p.Gly108Arg,pncA-c.321delA,pncA-c.316_319dupTTCG,pncA-p.Glu107*,pncA-c.317delT,pncA-p.Phe106Ser,pncA-c.306_315delGTACAGCGGC,pncA-c.314dupG,pncA-c.-1082_314del,pncA-c.303_314delAGCGTACAGCGG,pncA-c.314delG,pncA-c.313_314dupGG,pncA-p.Gly105Val,pncA-p.Gly105Asp,pncA-c.312dupC,pncA-p.Gly105Arg,pncA-p.Ser104Arg,pncA-c.311delG,pncA-p.Ser104Ile,pncA-c.310dupA,pncA-p.Ser104Gly,pncA-c.306_309delGTAC,pncA-c.123_309del,pncA-p.Tyr103*,pncA-p.Tyr103Cys,pncA-p.Tyr103Ser,pncA-p.Tyr103His,pncA-p.Tyr103Asp,pncA-c.306delG,pncA-c.305delC,pncA-c.211_305delNNNNNNNNNNNNNNNNNNNNNNNNNNNNNNNNNNNNNNNNNNNNNNNNNNNNNNNNNNNNNNNNNNNNNNNNNNNNNNNNNNNNNNNNNNNNNNG,pncA-c.305dupC,pncA-c.301_304dupGGAG,pncA-p.Ala102Thr,pncA-p.Ala102Pro,pncA-c.303delA,pncA-c.302delG,pncA-c.300_301dupCG,pncA-c.300delC,pncA-c.300dupC,pncA-c.298_299delAC,pncA-p.Thr100Ile,pncA-c.298dupA,pncA-c.298delA,pncA-c.296delA,pncA-p.Tyr99*,pncA-c.296_297insG,pncA-c.284_296delACAAGGGTGCCTA,pncA-c.294_295dupCT,pncA-c.295delT,pncA-c.294dupC,pncA-c.294delC,pncA-c.271_293dupGAGGCGGTGTTCTACAAGGGTGC,pncA-c.292_293dupGC,pncA-c.284_293delACAAGGGTGC,pncA-c.292delG,pncA-c.-606_292del,pncA-c.291dupT,pncA-c.291delT,pncA-c.290delG,pncA-c.290dupG,pncA-c.289_290dupGG,pncA-p.Gly97Asp,pncA-c.289_290insT,pncA-p.Gly97Val,pncA-c.284_288dupACAAG,pncA-p.Gly97Ser,pncA-p.Gly97Cys,pncA-p.Gly97Arg,pncA-p.Lys96Asn,pncA-c.287delA,pncA-p.Lys96Thr,pncA-p.Lys96Arg,pncA-c.286_287insT,pncA-p.Lys96Gln,pncA-p.Lys96Glu,pncA-c.285delC,pncA-p.Tyr95*,pncA-c.282_283delCT,pncA-c.283delT,pncA-c.182_282del,pncA-c.282delC,pncA-p.Phe94Leu,pncA-c.281delT,pncA-c.281dupT,pncA-c.280_281dupTT,pncA-p.Phe94Cys,pncA-p.Phe94Ser,pncA-c.279delG,pncA-c.279dupG,pncA-c.278dupT,pncA-c.267_277delAATCGAGGCGG,pncA-c.266_277dupCAATCGAGGCGG,pncA-c.277dupG,pncA-c.272_276delAGGCG,pncA-c.274delG,pncA-c.252_273dupTCTGGACACGTCGGCAATCGAG,pncA-c.258_271delCACGTCGGCAATCG,pncA-p.Glu91*,pncA-c.270delC,pncA-p.Ile90Ser,pncA-p.Ile90Thr,pncA-p.Ser88*,pncA-c.262delT,pncA-c.258_261delCACG,pncA-c.259_260dupAC,pncA-c.260delC,pncA-c.259delA,pncA-c.246_259dupTCCCAGTCTGGACA,pncA-c.259dupA,pncA-c.234_258dupCGCGGACTTCCATCCCAGTCTGGAC,pncA-c.255_256dupGG,pncA-c.256dupG,pncA-c.256delG,pncA-c.250_254delAGTCT,pncA-p.Leu85Arg,pncA-p.Leu85Pro,pncA-c.250_251delAG,pncA-c.249dupC,pncA-c.249delC,pncA-c.246delT,pncA-c.242_246dupTCCAT,pncA-c.245delA,pncA-p.His82Arg,pncA-p.His82Leu,pncA-c.244dupC,pncA-c.244_245insT,pncA-p.His82Asp,pncA-p.His82Tyr,pncA-c.243_244insA,pncA-c.242dupT,pncA-c.241_242insG,pncA-c.121_241del,pncA-c.240_241dupCT,pncA-p.Phe81Val,pncA-c.236_237delCG,pncA-c.226_236delACTCCCGGCGC,pncA-p.Ala79Gly,pncA-c.-1058_235del,pncA-c.233dupG,pncA-c.233delG,pncA-p.Gly78Asp,pncA-p.Gly78Val,pncA-p.Gly78Ser,pncA-p.Gly78Cys,pncA-c.231dupC,pncA-c.152_231delNNNNNNNNNNNNNNNNNNNNNNNNNNNNNNNNNNNNNNNNNNNNNNNNNNNNNNNNNNNNNNNNNNNNNNNNNNNNNNNG,pncA-c.231delC,pncA-c.220_231delAGCGGTACTCCC,pncA-c.230_231insA,pncA-c.226_230delACTCC,pncA-c.223_230delGGTACTCC,pncA-c.-800_229del,pncA-c.100_227del,pncA-p.Thr76Ile,pncA-c.226delA,pncA-p.Thr76Pro,pncA-c.224dupG,pncA-c.219dupC,pncA-c.186_217dupGGACTATTCCTCGTCGTGGCCACCGCATTGCG,pncA-c.217delG,pncA-c.210_217dupGCATTGCG,pncA-c.209_216dupCGCATTGC,pncA-c.206_216delCACCGCATTGC,pncA-p.Cys72*,pncA-p.Cys72Trp,pncA-c.-2172_215del,pncA-p.Cys72Tyr,pncA-c.214delT,pncA-p.Cys72Arg,pncA-p.His71Gln,pncA-c.-1758_212del,pncA-p.His71Pro,pncA-p.His71Arg,pncA-c.210_211dupGC,pncA-c.-1581_211del,pncA-p.His71Tyr,pncA-p.His71Asp,pncA-p.His71Asn,pncA-c.209dupC,pncA-c.-113_206del,pncA-c.206delC,pncA-c.206dupC,pncA-c.205_206dupCC,pncA-p.Pro69Arg,pncA-p.Pro69Leu,pncA-c.138_205delAACCAAGGACTTCCACATCGACCCGGGTGACCACTTCTCCGGCACACCGGACTATTCCTCGTCGTGGC,pncA-c.204delG,pncA-p.Trp68Cys,pncA-p.Trp68*,pncA-c.194_203delCCTCGTCGTG,pncA-p.Trp68Leu,pncA-p.Trp68Ser,pncA-p.Trp68Arg,pncA-p.Trp68Gly,pncA-c.189_200delCTATTCCTCGTC,pncA-c.193_200dupTCCTCGTC,pncA-p.Ser67Pro,pncA-c.-1963_197del,pncA-c.195_197delCTC,pncA-p.Ser66Pro,pncA-c.181_194delACACCGGACTATTC,pncA-c.193_194insA,pncA-c.193dupT,pncA-c.192_193insA,pncA-c.192_193insG,pncA-c.191_192dupAT,pncA-c.186_192dupGGACTAT,pncA-c.182_191delCACCGGACTA,pncA-p.Tyr64*,pncA-c.181_191delACACCGGACTA,pncA-c.190delT,pncA-c.185_189delCGGAC,pncA-p.Tyr64Asp,pncA-c.188dupA,pncA-c.175_188dupTCCGGCACACCGGA,pncA-p.Asp63Ala,pncA-p.Asp63Gly,pncA-c.186_187dupGG,pncA-c.187delG,pncA-c.187_188insC,pncA-p.Asp63His,pncA-c.158_186delACCCGGGTGACCACTTCTCCGGCACACCG,pncA-c.185_186insA,pncA-c.185delC,pncA-p.Pro62Leu,pncA-p.Pro62Arg,pncA-p.Pro62Gln,pncA-c.183_184dupAC,pncA-p.Pro62Ser,pncA-p.Pro62Thr,pncA-c.-366_182del,pncA-c.177_182delCGGCAC,pncA-c.181dupA,pncA-p.Thr61Pro,pncA-c.180dupC,pncA-c.179delG,pncA-c.178_179insTG,pncA-p.Ser59Phe,pncA-c.175delT,pncA-p.Ser59Pro,pncA-c.174dupC,pncA-p.Phe58Leu,pncA-c.172_173delTT,pncA-c.173delT,pncA-c.104_173delNNNNNNNNNNNNNNNNNNNNNNNNNNNNNNNNNNNNNNNNNNNNNNNNNNNNNNNNNNNNNNNNNNNNNC,pncA-p.Phe58Ser,pncA-c.171_172insA,pncA-c.171dupC,pncA-c.170_171delAC,pncA-c.170_171dupAC,pncA-c.167_170dupACCA,pncA-c.164_170delGTGACCA,pncA-c.170dupA,pncA-c.170delA,pncA-p.His57Arg,pncA-p.His57Pro,pncA-p.His57Leu,pncA-c.169delC,pncA-c.166_169delGACC,pncA-c.161_169delCGGGTGACC,pncA-p.His57Asp,pncA-p.His57Tyr,pncA-p.His57Asn,pncA-c.167_168delAC,pncA-c.166_167dupGA,pncA-c.164_167dupGTGA,pncA-c.166dupG,pncA-c.165_166delTG,pncA-c.161_165dupCGGGT,pncA-c.165delT,pncA-c.164delG,pncA-c.163_164delGG,pncA-c.162_164delGGG,pncA-c.161delC,pncA-c.161dupC,pncA-c.152_161delACATCGACCC,pncA-p.Pro54Leu,pncA-p.Pro54Gln,pncA-p.Pro54Thr,pncA-c.149_158delTCCACATCGA,pncA-c.158delA,pncA-c.153_157dupCATCG,pncA-p.Asp53Ala,pncA-p.Asp53Asn,pncA-c.123_156delNNNNNNNNNNNNNNNNNNNNNNNNNNNNNNNNNG,pncA-c.154delA,pncA-c.102_153delNNNNNNNNNNNNNNNNNNNNNNNNNNNNNNNNNNNNNNNNNNNNNNNNNNNA,pncA-p.His51Gln,pncA-c.152dupA,pncA-p.His51Arg,pncA-p.His51Pro,pncA-c.151dupC,pncA-p.His51Tyr,pncA-p.His51Asp,pncA-p.His51Asn,pncA-c.149_150dupTC,pncA-c.149delT,pncA-p.Asp49Glu,pncA-p.Asp49Ala,pncA-p.Asp49Gly,pncA-p.Asp49Val,pncA-p.Asp49Asn,pncA-p.Asp49Tyr,pncA-p.Asp49His,pncA-c.143delA,pncA-c.140_143delCCAA,pncA-p.Lys48Thr,pncA-p.Lys48Glu,pncA-c.141dupC,pncA-c.139delA,pncA-p.Thr47Ser,pncA-c.139dupA,pncA-p.Thr47Ala,pncA-p.Thr47Pro,pncA-c.137_138dupCA,pncA-p.Ala46Val,pncA-c.136delG,pncA-p.Ala46Glu,pncA-c.134_135dupTG,pncA-p.Ala46Pro,pncA-c.134delT,pncA-p.Val45Gly,pncA-c.51_132delNNNNNNNNNNNNNNNNNNNNNNNNNNNNNNNNNNNNNNNNNNNNNNNNNNNNNNNNNNNNNNNNNNNNNNNNNNNNNNNNNG,pncA-c.116_132delCGGACTACCATCACGTC,pncA-c.131delT,pncA-c.129_130delCG,pncA-p.Val44Gly,pncA-c.-1371_130del,pncA-c.124_130dupCATCACG,pncA-c.129dupC,pncA-c.128delA,pncA-p.His43Pro,pncA-c.126_127delTC,pncA-c.-316_124del,pncA-c.124delC,pncA-p.Tyr41*,pncA-c.110_122delAAGCGGCGGACTA,pncA-c.122delA,pncA-c.121delT,pncA-c.121dupT,pncA-p.Tyr41His,pncA-c.120delC,pncA-c.119delA,pncA-c.118delG,pncA-c.-236_118del,pncA-c.118dupG,pncA-c.116dupC,pncA-c.116delC,pncA-c.115dupG,pncA-c.112_115dupGCGG,pncA-c.111delA,pncA-p.Glu37*,pncA-c.108delC,pncA-c.100_107delTACCTGGC,pncA-c.106dupG,pncA-c.106delG,pncA-c.93_105dupCAGCGACTACCTG,pncA-c.104delT,pncA-p.Leu35Pro,pncA-p.Tyr34*,pncA-c.101dupA,pncA-p.Tyr34Ser,pncA-c.93_100delCAGCGACT,pncA-p.Tyr34Asp,pncA-c.98_99delAC,pncA-c.96_97dupCG,pncA-c.97dupG,pncA-c.95dupG,pncA-p.Ser32Ile,pncA-c.93_94insT,pncA-c.91_92delAT,pncA-p.Ile31Thr,pncA-p.Ile31Ser,pncA-c.15_91delNNNNNNNNNNNNNNNNNNNNNNNNNNNNNNNNNNNNNNNNNNNNNNNNNNNNNNNNNNNNNNNNNNNNNNNNNNNNT,pncA-c.81_90delGGCCCGCGCC,pncA-c.90delC,pncA-c.88_89dupGC,pncA-c.80_89delTGGCCCGCGC,pncA-c.86_89dupGCGC,pncA-c.80_89dupTGGCCCGCGC,pncA-c.88dupG,pncA-c.87delC,pncA-c.86delG,pncA-c.85dupC,pncA-c.79_85delCTGGCCC,pncA-c.85delC,pncA-c.81_84delGGCC,pncA-c.84_85insG,pncA-c.82_83delGC,pncA-c.80_83dupTGGC,pncA-p.Ala28Asp,pncA-c.80dupT,pncA-p.Leu27Pro,pncA-c.78_79delGC,pncA-c.75_79delCGCGC,pncA-c.75_79dupCGCGC,pncA-c.68_78delGTGGCGCCGCG,pncA-c.77delC,pncA-c.75dupC,pncA-c.75delC,pncA-c.47_74delNNNNNNNNNNNNNNNNNNNNNNNNNNNC,pncA-c.73_74dupGC,pncA-c.48_74delTGGCTCGCTGGCGGTAACCGGTGGCGC,pncA-c.73delG,pncA-c.61_73dupGTAACCGGTGGCG,pncA-c.71delG,pncA-p.Gly24Asp,pncA-p.Gly24Arg,pncA-c.63_69dupAACCGGT,pncA-c.68delG,pncA-p.Gly23Val,pncA-c.66dupC,pncA-c.66_67insT,pncA-c.64delA,pncA-c.64dupA,pncA-c.63_64delAA,pncA-c.64_65insG,pncA-c.62delT,pncA-p.Val21Ala,pncA-p.Val21Gly,pncA-c.61dupG,pncA-c.59_60insT,pncA-c.59delC,pncA-c.48_58delTGGCTCGCTGG,pncA-c.58dupG,pncA-p.Leu19Pro,pncA-p.Leu19Arg,pncA-c.55delC,pncA-c.54dupG,pncA-c.53dupC,pncA-c.53delC,pncA-c.52_53delTC,pncA-p.Ser18*,pncA-c.-133_52del,pncA-c.52delT,pncA-c.51delC,pncA-c.51dupC,pncA-p.Ser18Pro,pncA-c.50_51dupGC,pncA-c.50delG,pncA-c.50dupG,pncA-p.Gly17Asp,pncA-p.Gly17Val,pncA-c.-176_49del,pncA-c.42_48delCGAGGGT,pncA-c.48delT,pncA-c.48_49insA,pncA-c.48dupT,pncA-c.47dupG,pncA-c.47delG,pncA-c.46_47insAG,pncA-c.-421_46del,pncA-c.35_44delACTTCTGCGA,pncA-c.44delA,pncA-c.-129_43del,pncA-p.Glu15*,pncA-c.42dupC,pncA-p.Cys14*,pncA-p.Cys14Trp,pncA-c.41delG,pncA-p.Cys14Tyr,pncA-p.Cys14Arg,pncA-p.Cys14Gly,pncA-p.Phe13Leu,pncA-c.34_37dupGACT,pncA-p.Phe13Ser,pncA-p.Phe13Ile,pncA-c.36delC,pncA-p.Asp12Glu,pncA-p.Asp12Ala,pncA-p.Asp12Gly,pncA-c.34dupG,pncA-p.Asp12Asn,pncA-c.28_31dupCAGA,pncA-p.Gln10His,pncA-c.29dupA,pncA-p.Gln10Pro,pncA-p.Gln10Arg,pncA-c.28delC,pncA-p.Gln10*,pncA-p.Gln10Lys,pncA-p.Val9Gly,pncA-p.Val9Ala,pncA-p.Asp8Glu,pncA-p.Asp8Gly,pncA-p.Asp8Ala,pncA-c.-44_22delGTAGGCAAACTGCCCGGGCAGTCGCCCGAACGTATGGTGGACGTATGCGGGCGTTGATCATCGTCG,pncA-c.-45_22delNNNNNNNNNNNNNNNNNNNNNNNNNNNNNNNNNNNNNNNNNNNNNNNNNNNNNNNNNNNNNNNNNNA,pncA-c.10_22delTTGATCATCGTCG,pncA-c.22dupG,pncA-p.Asp8Asn,pncA-p.Asp8Tyr,pncA-c.20delT,pncA-p.Val7Ala,pncA-p.Val7Gly,pncA-p.Val7Leu,pncA-p.Val7Ile,pncA-p.Val7Phe,pncA-p.Ile6Met,pncA-c.17dupT,pncA-p.Ile6Thr,pncA-p.Ile6Ser,pncA-c.16delA,pncA-c.7_15delGCGTTGATC,pncA-c.15dupC,pncA-c.12_14delGAT,pncA-c.14dupT,pncA-c.7_14dupGCGTTGAT,pncA-p.Ile5Ser,pncA-p.Ile5Thr,pncA-c.12_13dupGA,pncA-c.9_12dupGTTG,pncA-p.Leu4Ser,pncA-p.Leu4Trp,pncA-c.8_9dupCG,pncA-c.-5_7delGACGTATGCGGG,pncA-c.7delG,pncA-p.Ala3Glu,pncA-c.7dupG,pncA-p.Ala3Pro,pncA-c.4_5delCG,pncA-c.4_5dupCG,pncA-c.4delC,pncA-c.2delT,pncA-c.-5delG,pncA-c.-7T>C,pncA-c.-10T>C,pncA-c.-11A>G,pncA-c.-11A>C,pncA-c.-11A>T,pncA-c.-12T>C,pncA-c.-12T>G"
P4-ns-L1,P4-ns-R1,4247492,4248280,"embB-p.Asp328Tyr,embB-p.Asp328Gly,embB-p.Asp328Val,embB-p.Phe330Val,embB-p.Trp332Leu,embB-p.Tyr334His,embB-p.Ser347Cys,embB-p.Ser347Thr,embB-p.Ser347Ile,embB-p.Asp354Ala,embB-p.Ala356Ser,embB-p.Ala356Val,embB-p.Ala357Ser,embB-p.Ala357Val,embB-p.Gly358Val,embB-p.Leu359Ile,embB-p.Val360Met,embB-p.Ser366Pro,embB-p.Val369Leu,embB-p.Val369Ala,embB-p.Leu370Arg,embB-p.Pro371Arg,embB-p.Gly374Val,embB-p.Val377Met,embB-p.Val377Gly,embB-p.Glu378Lys,embB-p.Ala379Thr,embB-p.Ala379Asp,embB-p.Ser380Asn,embB-p.Ser380Arg,embB-p.Tyr384Asn,embB-p.Ala388Gly,embB-p.Trp395Cys,embB-p.Pro397Thr,embB-p.Pro397Gln,embB-p.Phe398Tyr,embB-p.Asn399Asp,embB-p.Pro404Ser,embB-p.Glu405Asp,embB-p.Gly406Ser,embB-p.Gly406Cys,embB-p.Gly406Ala,embB-p.Gly406Asp,embB-p.Ser412Leu,embB-p.Met423Thr,embB-p.Met423Ile,embB-p.Pro430Leu,embB-p.Ala431Thr,embB-p.Val436Gly,embB-p.Thr437Ala,embB-p.Pro446His,embB-p.Gly448Val,embB-p.Val452Leu,embB-p.Arg460Cys,embB-p.Pro461Ser,embB-p.Arg469Pro,embB-p.Arg471Pro,embB-p.Met482Ile,embB-p.Gln497Lys,embB-p.Gln497Arg,embB-p.Gln497Pro,embB-p.Glu504Asp,embB-p.Arg507Lys"
P5-ns-L1,P5-ns-R1,781873,782669,
P6-ns-L1,P6-ns-R1,4246894,4247713,"embB-p.Ala225Ser,embB-p.Val227Gly,embB-p.Leu239Pro,embB-p.Asp240His,embB-p.Arg257Trp,embB-p.Ala271Val,embB-p.Arg274Pro,embB-p.Val282Leu,embB-p.Phe285Leu,embB-p.Gly294Ser,embB-p.Asn296His,embB-p.Asn296Lys,embB-p.Ser297Ala,embB-p.Ser297Leu,embB-p.Met306Val,embB-p.Met306Leu,embB-p.Met306Thr,embB-p.Met306Ile,embB-p.Val309Gly,embB-p.Asp311His,embB-p.Asp311Gly,embB-p.His312Arg,embB-p.Ala313Val,embB-p.Tyr315Cys,embB-p.Ser317Thr,embB-p.Asn318Lys,embB-p.Tyr319Asn,embB-p.Tyr319Ser,embB-p.Tyr319Cys,embB-p.Phe320Leu,embB-p.Asp328Tyr,embB-p.Asp328Gly,embB-p.Asp328Val,embB-p.Phe330Val,embB-p.Trp332Leu,embB-p.Tyr334His,embB-p.Ser347Cys,embB-p.Ser347Thr,embB-p.Ser347Ile,embB-p.Asp354Ala,embB-p.Ala356Ser,embB-p.Ala356Val,embB-p.Ala357Ser,embB-p.Ala357Val,embB-p.Gly358Val,embB-p.Leu359Ile,embB-p.Val360Met,embB-p.Ser366Pro,embB-p.Val369Leu,embB-p.Val369Ala,embB-p.Leu370Arg,embB-p.Pro371Arg,embB-p.Gly374Val,embB-p.Val377Met,embB-p.Val377Gly,embB-p.Glu378Lys,embB-p.Ala379Thr,embB-p.Ala379Asp,embB-p.Ser380Asn,embB-p.Ser380Arg,embB-p.Tyr384Asn,embB-p.Ala388Gly,embB-p.Trp395Cys,embB-p.Pro397Thr,embB-p.Pro397Gln,embB-p.Phe398Tyr,embB-p.Asn399Asp"
P7-ns-L1,P7-ns-R1,1673650,1674403,"inhA-c.-154G>A,inhA-p.Ile16Thr,inhA-p.Ile21Val,inhA-p.Ile21Thr,inhA-p.Gly40Trp"
P8-ns-L1,P8-ns-R1,1472510,1473475,"rrs-n.799C>T,rrs-n.878G>A,rrs-n.888G>A,rrs-n.905C>G,rrs-n.905C>A,rrs-n.906A>G,rrs-n.907A>T,rrs-n.907A>C,rrs-n.908A>G,rrs-n.1158G>T,rrs-n.1338A>C,rrs-n.1401A>G,rrs-n.1402C>A,rrs-n.1402C>T,rrs-n.1484G>T"
P9-ns-L1,P9-ns-R1,6799,7742,"gyrB-p.Gln538His,gyrB-p.Val670Phe,gyrA-p.His70Arg,gyrA-p.Ala74Ser,gyrA-p.Gly88Cys,gyrA-p.Gly88Ala,gyrA-p.Asp89Asn,gyrA-p.Ala90Val,gyrA-p.Ala90Glu,gyrA-p.Ser91Pro,gyrA-p.Ser91Ala,gyrA-p.Asp94Tyr,gyrA-p.Asp94Asn,gyrA-p.Asp94His,gyrA-p.Asp94Gly,gyrA-p.Asp94Ala,gyrA-p.Asp94Val,gyrA-p.Pro102His"
P10-ns-L1,P10-ns-R1,4407683,4408568,"gid-c.518dupA,gid-p.Glu173*,gid-c.487_507dupAAAGGCGAGCGGGCTCACGAC,gid-p.Glu170*,gid-c.501_502delTC,gid-c.489delA,gid-p.Lys163*,gid-c.475delA,gid-c.471delG,gid-c.455delT,gid-c.452delC,gid-c.450delG,gid-c.351_446delGCGCGCCGAGGAGTCCTGGGTGCAGGACCAATTGGGCGGCAGCGACGCTGCGGTGTCACGGGCGGTGGCCGCGTTGGACAAGTTGACGAAATGGAG,gid-c.445dupA,gid-p.Trp148*,gid-c.441dupA,gid-c.438delG,gid-p.Lys144*,gid-c.418delG,gid-c.413delC,gid-p.Ser136*,gid-c.404delT,gid-p.Ala134Glu,gid-c.399dupT,gid-c.390delC,gid-c.386delG,gid-p.Gln127*,gid-p.Gln125*,gid-c.371delT,gid-c.370delG,gid-c.366_367delCT,gid-c.361delG,gid-c.336_359dupTGAGATCGTGCGGGGGCGCGCCGA,gid-c.357delC,gid-c.355_356delGC,gid-c.353delG,gid-c.352dupC,gid-c.351delG,gid-c.351dupG,gid-c.342delC,gid-c.337dupG,gid-c.329_330delTG,gid-c.326delG,gid-p.Leu108Arg,gid-c.320dupA,gid-c.319dupG,gid-c.314delT,gid-c.310dupA,gid-c.309_310insT,gid-p.Glu103*,gid-c.304delC,gid-c.266_304delTTCTCCTAGAACCGCTACTGCGCCGCACCGAGTTTCTTC,gid-p.Arg102*,gid-c.296dupA,gid-p.Glu99*,gid-c.292delA,gid-c.287_288dupGC,gid-c.287delG,gid-c.284delT,gid-p.Glu92*,gid-c.267delT,gid-p.Gln87*,gid-c.258_259insG,gid-c.258_259insA,gid-c.257delT,gid-p.Pro84Leu,gid-c.248_250dupGGC,gid-c.247_248delCG,gid-c.230_248delTGCCATTGGCGATAGCGCG,gid-c.247delC,gid-p.Ala80Pro,gid-p.Leu79Ser,gid-p.Leu79*,gid-c.227delG,gid-p.Pro75Arg,gid-p.Leu74*,gid-c.212_219delGAGCCGGG,gid-p.Gly73Ala,gid-c.200_214delATATCGGTAGCGGAG,gid-p.Gly71*,gid-p.Gly69Asp,gid-c.195dupC,gid-c.193dupG,gid-c.187delG,gid-c.180delA,gid-p.Glu60*,gid-c.165_167dupCGG,gid-c.163_165dupATC,gid-c.157delG,gid-p.Cys52*,gid-c.141delG,gid-c.137dupA,gid-c.136delG,gid-c.131_136delTATGGG,gid-p.Trp45*,gid-c.120dupA,gid-c.115delC,gid-c.114_115dupCC,gid-c.113_114insTACC,gid-c.110delG,gid-p.Gly37*,gid-c.107delT,gid-c.102delG,gid-c.102dupG,gid-c.94delG,gid-c.92delT,gid-c.87delC,gid-p.Gly28*,gid-c.77delT,gid-p.Leu26*,gid-p.Tyr22*,gid-c.52_59dupCTTGCTCG,gid-c.52delC,gid-c.48_51delTGGC,gid-c.48delT,gid-c.42delG,gid-c.41delC,gid-c.39delA"
P11-ns-L1,P11-ns-R1,4326347,4327186,"ethA-c.1125_1126dupCG,ethA-c.1123delT,ethA-c.1120_1121delCT,ethA-c.106_1115del,ethA-c.1114delA,ethA-c.1112delG,ethA-c.1112dupG,ethA-c.1109delA,ethA-c.1105delT,ethA-c.1102_1105dupGCCT,ethA-c.1104delC,ethA-c.1093_1094dupAC,ethA-c.1090_1091dupAC,ethA-c.1084delG,ethA-c.1084dupG,ethA-c.1080delA,ethA-p.Gln360*,ethA-c.1077delA,ethA-p.Gln359*,ethA-c.1070_1072delACG,ethA-c.1065_1071delTATCGAC,ethA-c.1058_1061delCGGC,ethA-c.1061dupC,ethA-c.1060delG,ethA-c.1057_1059delACG,ethA-c.1055dupC,ethA-c.1054delG,ethA-c.1054dupG,ethA-c.1050delT,ethA-c.1051delG,ethA-c.1049dupG,ethA-c.1047delT,ethA-c.1047dupT,ethA-c.1046_1047delTT,ethA-c.1046_1047insA,ethA-c.101_1044del,ethA-c.1042delC,ethA-p.Gln347*,ethA-c.1038delG,ethA-c.1037delT,ethA-c.1032_1035dupGAAC,ethA-c.1034delA,ethA-c.849_1032del,ethA-c.1030_1032delTTG,ethA-c.1029delG,ethA-c.1029dupG,ethA-c.1028_1029dupGG,ethA-c.1012_1028dupATCATTACCGCAACGGG,ethA-p.Thr342Lys,ethA-c.1024delA,ethA-c.1021_1022dupGC,ethA-p.Ala341Val,ethA-c.1016_1018dupTTA,ethA-c.1016_1018delTTA,ethA-c.1018delA,ethA-c.951_1017delNNNNNNNNNNNNNNNNNNNNNNNNNNNNNNNNNNNNNNNNNNNNNNNNNNNNNNNNNNNNNNNNNNA,ethA-c.1004_1014delCTGACATCATC,ethA-c.663_1014del,ethA-p.Ile338Ser,ethA-c.1010delT,ethA-c.663_1009del,ethA-c.1006delG,ethA-c.858_999del,ethA-c.999delG,ethA-c.987_999delAGGTCGCGAACTG,ethA-c.993_994dupCG,ethA-p.Glu332*,ethA-c.989delG,ethA-c.987delA,ethA-c.985_986delTC,ethA-p.Ser329Leu,ethA-c.980delT,ethA-c.976dupC,ethA-c.973dupA,ethA-c.971dupG,ethA-c.971delG,ethA-c.676_970del,ethA-c.902_969delTGTTCCGGGCCATTCGTCACGGGAAGGTCGAGGTGGTGACCGACACCATTGAACGGTTCACCGCGACC,ethA-c.966_968dupGAC,ethA-c.-1060_968del,ethA-c.-858_965del,ethA-c.963dupC,ethA-c.788_959del,ethA-c.930_958delCGAGGTGGTGACCGACACCATTGAACGGT,ethA-c.957dupG,ethA-c.957delG,ethA-c.-1761_956del,ethA-c.950_954delTTGAA,ethA-c.954delA,ethA-c.948_951dupCATT,ethA-c.951delT,ethA-c.779_948del,ethA-c.948delC,ethA-c.944dupA,ethA-c.942delC,ethA-c.942dupC,ethA-c.939delG,ethA-c.938dupT,ethA-c.937delG,ethA-c.867_934delGGACCAGCGATTGTGCTTGGTGCCCAACGGCGACCTGTTCCGGGCCATTCGTCACGGGAAGGTCGAGG,ethA-c.926delA,ethA-c.926dupA,ethA-c.924dupG,ethA-c.921delC,ethA-c.920delA,ethA-c.912delC,ethA-c.910delG,ethA-c.907_908dupCG,ethA-c.905delT,ethA-c.901dupC,ethA-c.753_900del,ethA-c.897_898dupCG,ethA-c.896dupG,ethA-c.893delA,ethA-c.893dupA,ethA-c.888_892dupGCCCA,ethA-c.891delC,ethA-c.888delG,ethA-c.887dupT,ethA-c.886delG,ethA-c.871_886delCAGCGATTGTGCTTGG,ethA-c.884delT,ethA-p.Cys294*,ethA-c.880_881delTG,ethA-c.878_881dupTGTG,ethA-c.880_881dupTG,ethA-p.Leu293*,ethA-c.-695_875del,ethA-c.873delG,ethA-c.871delC,ethA-c.869dupA,ethA-c.685_869del,ethA-p.Trp289*,ethA-c.-695_866del,ethA-c.862_866dupCCCTG,ethA-c.864_865delCT,ethA-c.864dupC,ethA-c.864delC,ethA-c.630_862del,ethA-c.860delA,ethA-c.860dupA,ethA-c.858_859insG,ethA-c.854_855delAC,ethA-c.851delC,ethA-c.844_851dupTTCGGCCC,ethA-c.851dupC,ethA-c.850_851dupCC,ethA-c.848delG,ethA-c.842_845dupACTT,ethA-c.841dupC,ethA-c.840_841dupGC,ethA-c.839delA,ethA-c.839dupA,ethA-c.831_837delCGTGCGA,ethA-p.Arg279*,ethA-c.820_830delGAGGGGTACGA,ethA-p.Tyr276*,ethA-c.826_827delTA,ethA-c.827delA,ethA-c.826delT,ethA-c.825delG,ethA-c.825dupG,ethA-c.824_825dupGG,ethA-c.819_823dupCGAGG,ethA-c.821delA,ethA-c.-2026_815del,ethA-c.815dupT,ethA-p.Leu272Pro,ethA-c.813_814dupGC,ethA-c.811_812dupCA,ethA-c.-380_812del,ethA-c.811delC,ethA-p.Gln271*,ethA-c.808dupC,ethA-c.805dupC,ethA-c.-2129_805del,ethA-p.Gln269*,ethA-c.803delT,ethA-c.-392_799del,ethA-c.788_798delTGTTCCTGAGC,ethA-c.796dupA,ethA-c.-392_796del,ethA-c.-65_794del,ethA-c.794delT,ethA-c.793delC,ethA-c.791_792dupTC,ethA-c.791delT,ethA-c.785_787delAGA,ethA-c.785delA,ethA-c.783delG,ethA-c.709_782delNNNNNNNNNNNNNNNNNNNNNNNNNNNNNNNNNNNNNNNNNNNNNNNNNNNNNNNNNNNNNNNNNNNNNNNNNG,ethA-c.440_779del,ethA-c.778delA,ethA-c.777dupC,ethA-c.773_777dupGGCGC,ethA-c.776_777dupGC,ethA-c.774delG,ethA-c.774dupG,ethA-c.771dupA,ethA-c.770dupC,ethA-c.770delC,ethA-c.769_770dupCC,ethA-c.768delG,ethA-c.767_768delGG,ethA-c.767_768dupGG,ethA-c.768dupG,ethA-p.Trp256*,ethA-c.766_767delTG,ethA-c.761delA,ethA-p.Gln254*,ethA-p.Cys253*,ethA-c.757delT,ethA-c.756dupC,ethA-c.737_756dupAGGCGGCCGTGTACAGCGCC,ethA-c.754_755dupGC,ethA-c.754_755delGC,ethA-c.562_754del,ethA-c.752dupG,ethA-c.754_755insC,ethA-c.742_752delGCCGTGTACAG,ethA-c.751delA,ethA-c.676_749delNNNNNNNNNNNNNNNNNNNNNNNNNNNNNNNNNNNNNNNNNNNNNNNNNNNNNNNNNNNNNNNNNNNNNNNNNC,ethA-p.Tyr250*,ethA-c.746dupT,ethA-c.746delT,ethA-c.737_744dupAGGCGGCC,ethA-c.741_743dupGGC,ethA-c.742dupG,ethA-c.741_742insC,ethA-c.739dupG,ethA-c.738_739delGG,ethA-c.737dupA,ethA-c.737delA,ethA-p.Gln246*,ethA-c.732dupG,ethA-c.726_727dupCG,ethA-c.725dupA,ethA-c.719_723dupGGAAG,ethA-c.722delA,ethA-c.720dupG,ethA-c.720delG,ethA-p.Trp240*,ethA-c.714_715delAC,ethA-c.710_711dupCG,ethA-c.711_712insT,ethA-c.710dupC,ethA-c.708_710dupCGC,ethA-c.708delC,ethA-c.699_707delGGCCTACAC,ethA-c.706_707delAC,ethA-c.706delA,ethA-c.706dupA,ethA-c.703delT,ethA-c.702delC,ethA-c.700delG,ethA-c.699_700dupGG,ethA-c.698delT,ethA-c.697delA,ethA-c.695_696dupCC,ethA-c.696delC,ethA-c.696dupC,ethA-c.693_694dupGA,ethA-p.Thr232Ala,ethA-c.693dupG,ethA-c.682_686dupTGGCT,ethA-c.686dupT,ethA-c.686_687insA,ethA-p.Trp228*,ethA-c.682delT,ethA-c.679delC,ethA-c.677delA,ethA-c.675dupC,ethA-c.672_673dupGC,ethA-c.672dupG,ethA-c.668_672delAGAAG,ethA-c.671delA,ethA-c.666_671delCGAGAA,ethA-c.671dupA,ethA-c.668_671delAGAA,ethA-c.450_670del,ethA-p.Glu223Lys,ethA-c.657_658delCG,ethA-c.657_658dupCG,ethA-c.657delC,ethA-c.655dupG,ethA-c.655delG,ethA-c.-341_644del,ethA-c.644dupA,ethA-c.643delC,ethA-p.Gln215*,ethA-c.639_640delGT,ethA-c.632_635dupACAT,ethA-c.-1083_634del,ethA-c.625_633dupCCCACCTAC,ethA-c.633delC,ethA-p.Tyr211*,ethA-c.632dupA,ethA-c.622_629dupTCACCCAC,ethA-c.628delA,ethA-c.626_627delCC,ethA-c.611_627dupTGCTGCAGCGCTCACCC,ethA-c.627dupC,ethA-c.145_626del,ethA-c.624delA,ethA-c.622_623delTC,ethA-c.623delC,ethA-c.620_621dupGC,ethA-c.620dupG,ethA-c.619delC,ethA-c.-509_619del,ethA-p.Arg207Gly,ethA-c.618dupG,ethA-c.617delA,ethA-p.Gln206*,ethA-c.613dupC,ethA-c.611dupT,ethA-c.600_609delGCACGTCACG,ethA-c.-642_604del,ethA-c.599delA,ethA-c.597delC,ethA-c.594delC,ethA-c.593delG,ethA-c.592_593delGG,ethA-c.592delG,ethA-c.587_591delACTCG,ethA-p.Ser197*,ethA-c.587_588dupAC,ethA-c.586delG,ethA-c.586dupG,ethA-c.584dupC,ethA-c.581_583delTGG,ethA-c.580dupC,ethA-c.579_580dupGC,ethA-c.578dupC,ethA-c.577delG,ethA-c.575delC,ethA-c.572delT,ethA-c.-1082_572del,ethA-c.-1083_572del,ethA-c.569_570dupTC,ethA-c.567_568dupGC,ethA-c.567dupG,ethA-c.562dupG,ethA-c.559dupG,ethA-c.559delG,ethA-p.Thr186Lys,ethA-c.556delA,ethA-c.553_554dupGC,ethA-c.552dupC,ethA-c.549_552dupTGGC,ethA-c.550_551dupGG,ethA-c.551dupG,ethA-c.549_551delTGG,ethA-c.549_550delTG,ethA-c.535delG,ethA-c.510_532dupCCTCGACTACGACGCTAAGAACA,ethA-c.531dupC,ethA-c.488_531delNNNNNNNNNNNNNNNNNNNNNNNNNNNNNNNNNNNNNNNNNNNA,ethA-c.489_531delTCCGCAGCACTGGCCCGAGGACCTCGACTACGACGCTAAGAAC,ethA-c.531_532insT,ethA-c.-976_530del,ethA-c.525delT,ethA-c.509delA,ethA-c.504delC,ethA-c.501delG,ethA-c.487_499delCATCCGCAGCACT,ethA-c.493_494delCA,ethA-p.Gln165Pro,ethA-p.Gln165*,ethA-c.491dupC,ethA-c.490_491dupCC,ethA-c.491delC,ethA-c.489delT,ethA-c.488delA,ethA-c.487_488insG,ethA-c.487delC,ethA-c.481_482delAT,ethA-c.448_481delNNNNNNNNNNNNNNNNNNNNNNNNNNNNNNNNNT,ethA-c.449_481delGATTCGCCGGCTCGGAGGATTTCGTCGGGCCGA,ethA-c.477_480dupGCCG,ethA-c.478_480delCCG,ethA-c.478_479dupCC,ethA-c.479delC,ethA-c.479_480insT,ethA-c.477delG,ethA-c.477dupG,ethA-c.-1769_475del,ethA-c.471dupC,ethA-c.42_471del,ethA-c.470delT,ethA-c.-1162_461del,ethA-c.458dupG,ethA-c.452dupT,ethA-c.450delA,ethA-c.424_448dupAACTACGACGAGGGCTACTCGCCGA,ethA-c.446dupC,ethA-c.444delG,ethA-c.440_441dupAC,ethA-p.Tyr147*,ethA-c.440_441insT,ethA-c.439delT,ethA-c.437dupG,ethA-c.437delG,ethA-c.436_437dupGG,ethA-c.375_435delNNNNNNNNNNNNNNNNNNNNNNNNNNNNNNNNNNNNNNNNNNNNNNNNNNNNNNNNNNNNG,ethA-p.Tyr143*,ethA-c.403_424delTTTCTGTGCAGCGGCTACTACA,ethA-c.356_420delACATCCAAAGCCACGGCACGCTCAGCGCCCTCACCTGCGAATTCCTCTTTCTGTGCAGCGGCTAC,ethA-c.410_420dupGCAGCGGCTAC,ethA-p.Tyr140*,ethA-c.419delA,ethA-c.395_416delAATTCCTCTTTCTGTGCAGCGG,ethA-c.412dupA,ethA-c.405dupT,ethA-c.405delT,ethA-c.404_405insAT,ethA-c.395_401delAATTCCT,ethA-c.396delA,ethA-p.Glu132*,ethA-p.Cys131*,ethA-c.392delG,ethA-c.380_392dupGCGCCCTCACCTG,ethA-c.391dupT,ethA-c.391delT,ethA-c.380_389dupGCGCCCTCAC,ethA-c.388delA,ethA-c.385dupC,ethA-c.385delC,ethA-c.382_383delGC,ethA-c.377_383dupTCAGCGC,ethA-c.382dupG,ethA-c.57_382del,ethA-c.380dupG,ethA-c.377_378dupTC,ethA-c.371_375dupGCACG,ethA-c.371dupG,ethA-c.369delC,ethA-c.368delA,ethA-c.364dupA,ethA-c.364delA,ethA-c.361delC,ethA-p.Gln121*,ethA-c.360_361insGC,ethA-c.357_358dupCA,ethA-c.354dupT,ethA-c.349dupA,ethA-c.348dupG,ethA-p.Trp116*,ethA-c.341delA,ethA-c.341dupA,ethA-c.337_338dupGA,ethA-c.335delC,ethA-c.334delG,ethA-c.309_331delGGTGATCAGTGCCGATTGGTCGA,ethA-c.327delG,ethA-p.Trp109*,ethA-c.325dupT,ethA-c.321dupC,ethA-c.-1043_319del,ethA-c.313_319delATCAGTG,ethA-c.291_316delTATCCGGTTCCACCACAAGGTGATCA,ethA-c.315dupC,ethA-c.290_315delNNNNNNNNNNNNNNNNNNNNNNNNNA,ethA-c.314dupT,ethA-c.309_313dupGGTGA,ethA-c.312dupG,ethA-c.311delT,ethA-c.310delG,ethA-c.308delA,ethA-c.308dupA,ethA-c.241_307delNNNNNNNNNNNNNNNNNNNNNNNNNNNNNNNNNNNNNNNNNNNNNNNNNNNNNNNNNNNNNNNNNNA,ethA-c.306_307delCA,ethA-c.301delC,ethA-c.299delT,ethA-c.54_298del,ethA-c.297dupG,ethA-c.290delA,ethA-c.288delG,ethA-c.288dupG"
P12-ns-L1,P12-ns-R1,2715533,2716307,
P13-ns-L1,P13-ns-R1,1472164,1473073,"rrs-n.427G>C,rrs-n.427G>T,rrs-n.462C>T,rrs-n.513C>T,rrs-n.514A>C,rrs-n.514A>T,rrs-n.516C>T,rrs-n.517C>T,rrs-n.628G>C,rrs-n.799C>T,rrs-n.878G>A,rrs-n.888G>A,rrs-n.905C>G,rrs-n.905C>A,rrs-n.906A>G,rrs-n.907A>T,rrs-n.907A>C,rrs-n.908A>G,rrs-n.1158G>T"
P14-ns-L1,P14-ns-R1,4327050,4327819,"ethA-c.356_420delACATCCAAAGCCACGGCACGCTCAGCGCCCTCACCTGCGAATTCCTCTTTCTGTGCAGCGGCTAC,ethA-c.410_420dupGCAGCGGCTAC,ethA-p.Tyr140*,ethA-c.419delA,ethA-c.395_416delAATTCCTCTTTCTGTGCAGCGG,ethA-c.412dupA,ethA-c.405dupT,ethA-c.405delT,ethA-c.404_405insAT,ethA-c.395_401delAATTCCT,ethA-c.396delA,ethA-p.Glu132*,ethA-p.Cys131*,ethA-c.392delG,ethA-c.380_392dupGCGCCCTCACCTG,ethA-c.391dupT,ethA-c.391delT,ethA-c.380_389dupGCGCCCTCAC,ethA-c.388delA,ethA-c.385dupC,ethA-c.385delC,ethA-c.382_383delGC,ethA-c.377_383dupTCAGCGC,ethA-c.382dupG,ethA-c.57_382del,ethA-c.380dupG,ethA-c.377_378dupTC,ethA-c.371_375dupGCACG,ethA-c.371dupG,ethA-c.369delC,ethA-c.368delA,ethA-c.364dupA,ethA-c.364delA,ethA-c.361delC,ethA-p.Gln121*,ethA-c.360_361insGC,ethA-c.357_358dupCA,ethA-c.354dupT,ethA-c.349dupA,ethA-c.348dupG,ethA-p.Trp116*,ethA-c.341delA,ethA-c.341dupA,ethA-c.337_338dupGA,ethA-c.335delC,ethA-c.334delG,ethA-c.309_331delGGTGATCAGTGCCGATTGGTCGA,ethA-c.327delG,ethA-p.Trp109*,ethA-c.325dupT,ethA-c.321dupC,ethA-c.-1043_319del,ethA-c.313_319delATCAGTG,ethA-c.291_316delTATCCGGTTCCACCACAAGGTGATCA,ethA-c.315dupC,ethA-c.290_315delNNNNNNNNNNNNNNNNNNNNNNNNNA,ethA-c.314dupT,ethA-c.309_313dupGGTGA,ethA-c.312dupG,ethA-c.311delT,ethA-c.310delG,ethA-c.308delA,ethA-c.308dupA,ethA-c.241_307delNNNNNNNNNNNNNNNNNNNNNNNNNNNNNNNNNNNNNNNNNNNNNNNNNNNNNNNNNNNNNNNNNNA,ethA-c.306_307delCA,ethA-c.301delC,ethA-c.299delT,ethA-c.54_298del,ethA-c.297dupG,ethA-c.290delA,ethA-c.288delG,ethA-c.288dupG,ethA-c.280_284dupATCGA,ethA-c.282_283delCG,ethA-c.277_281dupGGAAT,ethA-c.277_281delGGAAT,ethA-c.280delA,ethA-c.280dupA,ethA-c.278dupG,ethA-c.278delG,ethA-p.Tyr92*,ethA-c.274dupT,ethA-c.-374_274del,ethA-c.269_272dupCCAT,ethA-c.270delC,ethA-c.268delG,ethA-c.248_267delAGTACGTCAAGAGCACCGCG,ethA-c.-330_266del,ethA-c.264delC,ethA-c.260_263delGCAC,ethA-p.Thr88Ile,ethA-c.262delA,ethA-c.262dupA,ethA-c.239_261dupCCATCCTCGAGTACGTCAAGAGC,ethA-c.261dupC,ethA-c.121_256del,ethA-p.Lys86*,ethA-c.253dupG,ethA-p.Tyr84*,ethA-c.251delA,ethA-p.Tyr84Asp,ethA-c.90_249del,ethA-c.245dupT,ethA-c.244delC,ethA-c.242_243insA,ethA-c.237_241dupGCCCA,ethA-c.240delC,ethA-c.231delC,ethA-c.230delA,ethA-c.229delG,ethA-c.223_226dupATCG,ethA-c.223delA,ethA-c.219_220insT,ethA-c.218delA,ethA-p.Gln73*,ethA-c.214delC,ethA-c.210_214delCGGAC,ethA-c.-924_211del,ethA-c.210delC,ethA-c.208dupA,ethA-c.207delG,ethA-p.Trp69*,ethA-c.203_204dupCC,ethA-c.204delC,ethA-c.204dupC,ethA-c.-2529_202del,ethA-c.201dupT,ethA-c.197dupT,ethA-c.174_195delCATGTACACGCTAGGTTTCCGA,ethA-c.-72_194del,ethA-c.-886_193del,ethA-c.191_192insG,ethA-c.191delT,ethA-c.181delA,ethA-p.Thr61Met,ethA-c.181dupA,ethA-c.180delC,ethA-c.180dupC,ethA-p.Tyr60*,ethA-c.162_177delCTCCGACTCCGACATG,ethA-c.174delC,ethA-p.Asp58Ala,ethA-c.171_172insA,ethA-p.Ser57Tyr,ethA-c.167delA,ethA-c.-1244_166del,ethA-c.156_157insT,ethA-c.133_152delTGGGATTTGTTCCGTTATCC,ethA-p.Pro51Leu,ethA-c.150delT,ethA-c.148delT,ethA-c.145dupC,ethA-c.143dupT,ethA-c.140delT,ethA-c.140dupT,ethA-c.136_139delGATT,ethA-c.137_138delAT,ethA-c.137delA,ethA-c.136delG,ethA-p.Trp45*,ethA-c.133delT,ethA-c.130_131delAC,ethA-c.130dupA,ethA-c.130delA,ethA-c.129dupC,ethA-c.128delG,ethA-c.125_128delGCGG,ethA-p.Gly43Cys,ethA-p.Gly43Ser,ethA-c.125delG,ethA-c.125dupG,ethA-c.-34_124del,ethA-c.-1949_124del,ethA-c.3_123del,ethA-c.118_119insA,ethA-c.117delA,ethA-c.108_112delAAAGC,ethA-c.94_112delTACGCCATCCTGGAAAAGC,ethA-c.110delA,ethA-c.110dupA,ethA-c.106delG,ethA-c.-1021_103del,ethA-c.102_103insG,ethA-c.101delT,ethA-c.92_101delGCTACGCCAT,ethA-c.94_96dupTAC,ethA-c.96delC,ethA-c.94delT,ethA-p.Tyr32Asp,ethA-c.92_93dupGC,ethA-c.93dupC,ethA-c.89delA,ethA-c.89dupA,ethA-c.87delC,ethA-c.83_84delCG,ethA-c.83delC,ethA-c.83dupC,ethA-c.80delG,ethA-c.79delT,ethA-c.76delC,ethA-c.74delA,ethA-c.74dupA,ethA-c.12_73delCCTCGACGTTGTCATCGTGGGCGCTGGAATCTCCGGTGTCAGCGCGGCCTGGCACCTGCAGG,ethA-c.73delG,ethA-c.70delC,ethA-p.Gln24*,ethA-c.65delA,ethA-c.65dupA,ethA-p.His22Pro,ethA-p.Trp21*,ethA-c.61_62delTG,ethA-c.61delT,ethA-c.57_60dupGGCC,ethA-c.-1703_59del,ethA-c.49_59delGTCAGCGCGGC,ethA-c.56_57dupCG,ethA-c.56delC,ethA-c.49_53dupGTCAG,ethA-c.52dupA,ethA-c.48delT,ethA-c.47delG,ethA-c.40dupA,ethA-c.32delG,ethA-p.Gly11Val,ethA-p.Gly11Ala,ethA-c.27dupC,ethA-c.27delC,ethA-c.24dupC,ethA-c.18_24dupCGTTGTC,ethA-c.21_24dupTGTC,ethA-c.22delG,ethA-c.11_14dupACCT,ethA-c.-725_14del,ethA-c.11_12delAC,ethA-c.11dupA,ethA-c.11delA,ethA-c.-987_10del,ethA-c.9delG,ethA-c.8delA,ethA-c.7dupG,ethA-c.-7T>C,ethA-c.-11A>G"
P15-ns-L1,P15-ns-R1,4243328,4244156,
P16-ns-L1,P16-ns-R1,4325558,4326367,"ethA-c.-1296_*429del,ethA-c.-1267_*298del,ethA-c.-1269_*297del,ethA-c.1026_*286del,ethA-c.-1555_*242del,ethA-c.480_*217del,ethA-c.-2079_*195del,ethA-c.776_*135del,ethA-c.375_*60del,ethA-c.-244_*43del,ethA-c.-689_*24del,ethA-c.1356_*16del,ethA-c.1468delT,ethA-c.1465delG,ethA-c.1465dupG,ethA-c.1464_1465dupGG,ethA-c.-2503_1459del,ethA-c.-2079_1459del,ethA-c.1457delC,ethA-c.1397_1455delGGCTCATCCGGCGCGGCAAGATCGACGACGAGGGTCTGCGGTTCGCCAAAAGGCCTGCC,ethA-c.1453delG,ethA-c.1447delA,ethA-c.1443delC,ethA-c.1443dupC,ethA-c.1439delT,ethA-c.1430_1439delGTCTGCGGTT,ethA-c.1435dupC,ethA-c.1432dupC,ethA-c.1431delT,ethA-c.1431dupT,ethA-c.1427_1428dupAG,ethA-c.1415_1427delAGATCGACGACGA,ethA-p.Glu476*,ethA-c.1411_1414dupGGCA,ethA-c.1400_1412delTCATCCGGCGCGG,ethA-c.1407delG,ethA-c.1405dupC,ethA-c.1400_1401dupTC,ethA-c.1014_1399del,ethA-c.1396delC,ethA-c.1396_1397insT,ethA-c.1394dupT,ethA-c.7_1394del,ethA-c.1392dupC,ethA-c.1391dupA,ethA-c.1390_1391dupGA,ethA-c.1391delA,ethA-c.-1848_1390del,ethA-c.1390delG,ethA-c.1390dupG,ethA-c.-125_1387del,ethA-c.1386delA,ethA-p.Arg463Ser,ethA-p.Tyr461*,ethA-c.1371_1381delGAATCAGAACT,ethA-c.1364_1380delGGCGCCTGAATCAGAAC,ethA-p.Tyr461His,ethA-c.1379dupA,ethA-c.1370delT,ethA-c.1369dupC,ethA-p.Trp455*,ethA-c.1363_1364delTG,ethA-c.1359_1360dupAC,ethA-c.1359dupA,ethA-c.-451_1358del,ethA-c.1355delG,ethA-c.1353delG,ethA-c.1351_1352dupTC,ethA-c.1351delT,ethA-c.1351dupT,ethA-c.1349dupG,ethA-c.1343delA,ethA-c.1341delC,ethA-c.1338delG,ethA-c.1336_1337insCC,ethA-c.1334_1335dupAG,ethA-c.1333dupG,ethA-c.1330delG,ethA-c.1323_1329delCTCGCTG,ethA-c.1323dupC,ethA-c.1322dupG,ethA-c.1321delC,ethA-c.1319delT,ethA-c.1317_1318dupGC,ethA-c.1205_1316del,ethA-c.1305_1314delCCCAGGTTAC,ethA-c.1314dupC,ethA-p.Tyr438*,ethA-c.1313delA,ethA-c.1312delT,ethA-c.1309_1310dupGG,ethA-c.1307delC,ethA-c.1307dupC,ethA-c.-2012_1307del,ethA-c.1291_1305delTTCATGGAGTTCACC,ethA-c.1301_1304dupTCAC,ethA-c.1303dupA,ethA-c.1303delA,ethA-c.1301_1302dupTC,ethA-c.1302dupC,ethA-c.1301delT,ethA-c.1299_1300dupGT,ethA-c.1298_1299delAG,ethA-c.1299dupG,ethA-c.1298dupA,ethA-c.1246_1294delNNNNNNNNNNNNNNNNNNNNNNNNNNNNNNNNNNNNNNNNNNNNNNNNT,ethA-c.1292_1293delTC,ethA-c.1292dupT,ethA-c.1292delT,ethA-c.1290delC,ethA-c.1290dupC,ethA-c.1287delG,ethA-c.1266_1287dupGGGCTCAGATGTCGAAGAGCGG,ethA-c.1285_1286delCG,ethA-c.1281dupA,ethA-c.1276delG,ethA-c.1275delT,ethA-c.1273_1274delGA,ethA-c.1270delT,ethA-c.1268_1269dupGC,ethA-c.1268delG,ethA-c.1268dupG,ethA-c.1265delC,ethA-c.1265_1266insT,ethA-c.1263_1264insG,ethA-c.1261_1262dupCG,ethA-c.1257_1261dupCGAGC,ethA-p.Arg421*,ethA-c.1260delG,ethA-c.1259delA,ethA-c.1256delT,ethA-c.1246_1247delAC,ethA-c.-2168_1246del,ethA-c.1246dupA,ethA-c.1242delT,ethA-c.1242dupT,ethA-c.1238dupG,ethA-p.Gly413Asp,ethA-c.168_1236del,ethA-c.1233dupC,ethA-c.1230delC,ethA-c.789_1227del,ethA-c.1215_1224delGTTGAATTAC,ethA-p.Tyr408*,ethA-c.1222dupT,ethA-c.1222delT,ethA-c.1218_1222dupGAATT,ethA-c.1219_1220dupAA,ethA-c.1188_1215dupCCTGGTGTCGGAGTTTGTCTGTCGCTTG,ethA-c.1214delT,ethA-c.1212delC,ethA-c.1199_1208delAGTTTGTCTG,ethA-c.-2157_1207del,ethA-p.Cys403Gly,ethA-c.1203delT,ethA-c.398_1202del,ethA-c.1200_1201delGT,ethA-c.1199_1200dupAG,ethA-c.1200delG,ethA-p.Ser399*,ethA-c.1194_1195delGT,ethA-c.1192_1194dupGTG,ethA-c.241_1193del,ethA-c.1193dupT,ethA-c.1192dupG,ethA-p.Leu397Arg,ethA-c.1179_1188delGAAGGCCGAC,ethA-c.1187delA,ethA-c.1185delC,ethA-c.1185dupC,ethA-c.-367_1184del,ethA-c.1183delG,ethA-c.1183dupG,ethA-c.1181delA,ethA-p.Lys394*,ethA-c.1176_1177dupGC,ethA-c.1174_1175dupAC,ethA-c.1174delA,ethA-p.Thr392Ala,ethA-c.1173delG,ethA-p.Trp391*,ethA-p.Ser390Phe,ethA-c.1168delT,ethA-c.1167delC,ethA-c.1165delG,ethA-c.1163dupA,ethA-c.1161delC,ethA-c.1159dupA,ethA-p.Tyr386*,ethA-p.Tyr386Cys,ethA-c.1156delT,ethA-c.1143_1155delCTACACGGTTGGC,ethA-c.1151_1154dupTTGG,ethA-p.Gly385Asp,ethA-c.1152delT,ethA-c.1152dupT,ethA-c.1150delG,ethA-c.1137_1149dupCATGGCCTACACG,ethA-c.1108_1147delNNNNNNNNNNNNNNNNNNNNNNNNNNNNNNNNNNNNNNNC,ethA-c.1147delA,ethA-c.1144delT,ethA-c.1140_1141dupGG,ethA-p.Ala381Pro,ethA-c.1136delA,ethA-c.599_1136del,ethA-c.1134delC,ethA-c.1133_1134delCC,ethA-p.Pro378Leu,ethA-c.1122_1131delTTCCGGCATC,ethA-c.-2168_1130del,ethA-c.1128delC,ethA-c.1127dupG,ethA-c.1125_1126dupCG,ethA-c.1123delT,ethA-c.1120_1121delCT,ethA-c.106_1115del,ethA-c.1114delA,ethA-c.1112delG,ethA-c.1112dupG,ethA-c.1109delA"
P17-ns-L1,P17-ns-R1,764569,765431,"rpoC-p.Phe452Ser,rpoC-p.Asp485Asn,rpoC-p.Ile491Thr,rpoC-p.Leu527Val"
P18-ns-L1,P18-ns-R1,1674181,1674985,"inhA-p.Ile16Thr,inhA-p.Ile21Val,inhA-p.Ile21Thr,inhA-p.Gly40Trp,inhA-p.Ser94Ala,inhA-p.Ser94Leu,inhA-p.Ile95Thr,inhA-p.Ile194Thr"
P19-ns-L1,P19-ns-R1,2726350,2727172,ahpC-p.Leu191Arg
P20-ns-L1,P20-ns-R1,2747268,2748171,"folC-p.Arg91Trp,folC-p.Asn73Ser,folC-p.Leu56Val,folC-p.Arg49Pro,folC-p.Arg49Trp,folC-p.Ile43Thr,folC-p.Ile43Ser,folC-p.Glu40Gly,folC-p.Glu40Gln,folC-p.Thr20Pro"
P21-ns-L1,P21-ns-R1,6733,7698,"gyrB-p.Asn499Asp,gyrB-p.Asn499Tyr,gyrB-p.Asn499Thr,gyrB-p.Asn499Lys,gyrB-p.Thr500Pro,gyrB-p.Thr500Asn,gyrB-p.Thr500Ile,gyrB-p.Glu501Val,gyrB-p.Glu501Asp,gyrB-p.Ala504Thr,gyrB-p.Ala504Val,gyrB-p.Thr507Met,gyrB-p.Gln538His,gyrB-p.Val670Phe,gyrA-p.His70Arg,gyrA-p.Ala74Ser,gyrA-p.Gly88Cys,gyrA-p.Gly88Ala,gyrA-p.Asp89Asn,gyrA-p.Ala90Val,gyrA-p.Ala90Glu,gyrA-p.Ser91Pro,gyrA-p.Ser91Ala,gyrA-p.Asp94Tyr,gyrA-p.Asp94Asn,gyrA-p.Asp94His,gyrA-p.Asp94Gly,gyrA-p.Asp94Ala,gyrA-p.Asp94Val,gyrA-p.Pro102His"
P22-ns-L1,P22-ns-R1,4248942,4249818,"embB-p.Gln853Pro,embB-p.Asp959Ala,embB-p.Met1000Arg,embB-p.His1002Arg,embB-p.Asp1024Asn"
P23-ns-L1,P23-ns-R1,1918220,1918992,"tlyA-c.285dupG,tlyA-c.292delG,tlyA-c.297delA,tlyA-c.299delT,tlyA-c.309delT,tlyA-c.311dupG,tlyA-c.315dupC,tlyA-c.315delC,tlyA-c.319delC,tlyA-c.328delG,tlyA-c.330dupC,tlyA-c.331delG,tlyA-c.330_331insA,tlyA-c.341delG,tlyA-p.Gln117*,tlyA-c.351dupG,tlyA-p.Leu118Pro,tlyA-c.357_654del,tlyA-c.363_364dupGC,tlyA-c.364dupC,tlyA-c.373_376dupGATC,tlyA-c.375dupT,tlyA-c.377_393delCTCGGGTGGTGGTCCTC,tlyA-c.379_380delCG,tlyA-c.382delG,tlyA-c.385delG,tlyA-c.386_387dupTG,tlyA-c.387_391dupGGTCC,tlyA-c.387_388dupGG,tlyA-c.388dupG,tlyA-c.387_390dupGGTC,tlyA-c.388delG,tlyA-c.391dupC,tlyA-c.392delT,tlyA-c.395_398dupAGCG,tlyA-c.395_396dupAG,tlyA-c.395dupA,tlyA-c.397_398dupCG,tlyA-c.396dupG,tlyA-c.397_398delCG,tlyA-c.397dupC,tlyA-c.399delG,tlyA-c.404_405delAC,tlyA-c.407_410dupCACG,tlyA-c.411_412delTG,tlyA-c.411delT,tlyA-c.412_413dupGG,tlyA-c.413dupG,tlyA-c.412_415dupGGCC,tlyA-c.415dupC,tlyA-c.416_426delTCACACCGGAG,tlyA-c.416_429delTCACACCGGAGGCG,tlyA-c.416delT,tlyA-c.420_421dupAC,tlyA-c.418delA,tlyA-c.430dupA,tlyA-c.444dupC,tlyA-c.444_745del,tlyA-c.451delG,tlyA-p.Leu150Pro,tlyA-c.450_451insT,tlyA-c.460delG,tlyA-c.474delC,tlyA-p.Ser159*,tlyA-c.484_490delACCGTGT,tlyA-c.513_514delTT,tlyA-c.518delG,tlyA-c.521_522insG,tlyA-c.527dupA,tlyA-c.536delC,tlyA-c.542delT,tlyA-c.543dupG,tlyA-c.549delG,tlyA-p.Pro183Leu,tlyA-p.Gln184*,tlyA-c.551_554delAGTT,tlyA-c.555delT,tlyA-p.Phe185Leu,tlyA-c.556delG,tlyA-c.564dupG,tlyA-c.564delG,tlyA-c.563_564dupGG,tlyA-c.567delA,tlyA-c.567dupA,tlyA-c.570dupT,tlyA-c.581_582dupCC,tlyA-c.582delC,tlyA-c.582dupC,tlyA-c.585_588delTGGG,tlyA-c.584dupG,tlyA-c.588_592dupGGTGG,tlyA-c.585_586delTG,tlyA-c.585delT,tlyA-c.585dupT,tlyA-c.589dupG,tlyA-c.588_589dupGG,tlyA-c.589delG,tlyA-c.587_588insA,tlyA-c.590_591dupTG,tlyA-c.590_591delTG,tlyA-c.590delT,tlyA-c.592dupG,tlyA-c.591_592dupGG,tlyA-c.590_591insA,tlyA-c.592delG,tlyA-c.592_755del,tlyA-c.593delT,tlyA-c.602dupC,tlyA-c.602delC,tlyA-c.601_638delCCGCAGTTGCGTGCGCGGTCGGTGCTCGCGGTCGCGCG,tlyA-c.613dupG,tlyA-c.616_617dupCG,tlyA-c.622_634dupGTGCTCGCGGTCG,tlyA-c.622_634delGTGCTCGCGGTCG,tlyA-c.616dupC,tlyA-c.620delC,tlyA-c.628delG,tlyA-c.631_632delGT,tlyA-c.632dupT,tlyA-c.637_638delCG,tlyA-c.636delG,tlyA-c.642_643dupGG,tlyA-c.643dupG,tlyA-c.645delA,tlyA-c.649delG,tlyA-c.653delT,tlyA-c.656delG,tlyA-c.657_661delCTGGC,tlyA-c.658delT,tlyA-c.660delG,tlyA-c.661dupC,tlyA-c.661_662insCTTG,tlyA-c.666_667dupCG,tlyA-c.667dupG,tlyA-c.675_678delCAAG,tlyA-c.677delA,tlyA-c.681dupC,tlyA-c.681delC,tlyA-c.686delC,tlyA-c.692dupC,tlyA-c.691_692dupCC,tlyA-c.692delC,tlyA-c.695dupG,tlyA-p.Gly232Asp,tlyA-c.698delC,tlyA-c.698dupC,tlyA-c.697_698dupCC,tlyA-c.704dupG,tlyA-c.707delA,tlyA-p.Asn236Lys,tlyA-c.711_715dupCGAGT,tlyA-p.Glu238Lys,tlyA-c.716delA,tlyA-c.724_725delTG,tlyA-c.728delT,tlyA-c.727_728delTT,tlyA-c.728dupT,tlyA-c.731_732dupGC,tlyA-c.730dupC,tlyA-c.735_744delGCAGACCGAC,tlyA-c.733delA,tlyA-c.737delA,tlyA-c.748delG,tlyA-c.753_754dupGT,tlyA-c.755dupC,tlyA-c.759delC,tlyA-c.764delG,tlyA-c.770_771dupAG,tlyA-c.774delT,tlyA-c.792delT,tlyA-c.797_798delAG,tlyA-c.797delA,tlyA-c.803delC,tlyA-c.803dupC"
P24-ns-L1,P24-ns-R1,3840552,3841392,alr-p.Leu113Arg
P25-ns-L1,P25-ns-R1,3073761,3074604,"thyA-p.Arg235Pro,thyA-p.Pro224Leu,thyA-p.Arg222Gly,thyA-p.His207Arg,thyA-p.Cys161Tyr,thyA-p.Phe152Val,thyA-p.Arg126Gln,thyA-c.373dupT,thyA-p.Ser105Pro,thyA-p.Trp101Arg,thyA-p.Trp98*,thyA-p.Gly91Arg,thyA-p.Trp83*,thyA-p.Trp83Cys,thyA-p.Val77Phe,thyA-p.Gly76*,thyA-p.His75Asn,thyA-p.Tyr36Cys,thyA-p.Thr22Ala"
P26-ns-L1,P26-ns-R1,3068164,3068969,thyA-c.-4165_*5407del
P27-ns-L1,P27-ns-R1,2154324,2155094,"katG-c.1787delA,katG-c.1784_1785insC,katG-p.Gly593Asp,katG-c.1769delA,katG-c.1767delC,katG-p.Pro589Thr,katG-p.Glu588*,katG-p.Leu587Pro,katG-c.1757delT,katG-c.1755dupC,katG-c.1752dupT,katG-c.1752delT,katG-c.1749_1750insG,katG-c.-2769_1739del,katG-c.1735delA,katG-c.1729delG,katG-c.-1828_1726del,katG-c.1721_1722dupCG,katG-p.Ala574Val,katG-p.Asp573Asn,katG-c.1709delG,katG-c.1709dupG,katG-c.1706delC,katG-c.1706_1707insT,katG-c.1703delC,katG-c.1700delT,katG-p.Phe567Ser,katG-c.1694dupT,katG-c.-771_1693del,katG-c.1689delC,katG-c.1688delT,katG-c.1682delA,katG-c.1676delC,katG-c.1670delA,katG-c.1662delA,katG-c.1655_1656delTA,katG-c.1651delG,katG-c.1650_1651insA,katG-c.1650delC,katG-c.1650dupC,katG-p.Ala550Asp,katG-c.1635delG,katG-c.1634delT,katG-c.1619dupT,katG-c.1617delC,katG-c.1614_1615dupGT,katG-c.1614dupG,katG-c.1614delG,katG-c.1611dupA,katG-c.1604dupA,katG-c.1604delA,katG-c.1602delG,katG-c.1598delC,katG-c.1595delC,katG-c.1592delC,katG-c.1582_1585dupTTCA,katG-p.Asn529Asp,katG-c.1572_1582delCCAGGAGTCAT,katG-c.1562_1575delTGGAAGAGATCCAG,katG-c.1574_1575insT,katG-p.Gln525Pro,katG-c.1571dupT,katG-c.1561delC,katG-c.1558delA,katG-c.1549_1552delGTCA,katG-c.1548_1549dupGG,katG-c.1547delA,katG-p.Arg515Cys,katG-c.1538_1540dupATC,katG-c.1538dupA,katG-c.1537delG,katG-c.1530delC,katG-c.1515_1516delGG,katG-p.Trp505*,katG-p.Trp505Ser,katG-p.Trp505Arg,katG-c.1512delG,katG-c.1509dupC,katG-p.Gln502His,katG-c.1500delG,katG-c.1487delG,katG-c.1486dupC,katG-p.Arg496Leu,katG-c.-188_1484del,katG-c.1481delG,katG-c.1138_1480del,katG-c.-2741_1474del,katG-p.Gly491Cys,katG-c.1469delG,katG-c.1466delG,katG-p.Lys488Asn,katG-c.1443_1455delGTCGTTCCGTGGT,katG-p.Gly485Val,katG-c.1454delG,katG-c.1452delT,katG-p.Arg484Ser,katG-c.1438_1440delGCG,katG-c.1432delG,katG-p.Trp477*,katG-c.1426delG,katG-p.Val473Phe,katG-c.1416delA,katG-p.Gln471*,katG-c.1405_1406delGT,katG-c.-2291_1402del,katG-c.1397delG,katG-p.Arg463Trp,katG-c.1383delG,katG-p.Gln461Pro,katG-c.1381dupC,katG-c.1381delC,katG-c.1378dupA,katG-c.1373_1377delTTAAG,katG-c.1376delA,katG-c.1374delT,katG-p.Ser457Ile,katG-c.1365delT,katG-c.1365_1366insC,katG-c.1365dupT,katG-c.1339_1350delCACGACCTCGTC,katG-c.1346delT,katG-p.Leu449Phe,katG-c.1338_1342dupCCACG,katG-c.1339delC,katG-c.1338_1339dupCC,katG-c.1334dupT,katG-c.1333dupG,katG-c.1310_1331delTGTGGCAGGATCCGGTCCCTGC,katG-c.1327_1328delCC,katG-c.1328dupC,katG-c.1328delC,katG-c.1328_1329insA,katG-c.-20_1327del,katG-c.1318dupG,katG-c.1314_1318delGCAGG,katG-c.1313_1314insT,katG-c.1312_1313dupTG,katG-p.Trp438*,katG-c.1307delT,katG-c.1306delC,katG-c.1306_1307insA,katG-p.Thr435Ile,katG-p.Gln434*,katG-c.1296delC,katG-c.1291delG,katG-c.1286_1288delCGC,katG-c.1284delG,katG-p.Pro429Ser,katG-p.Gly428Arg,katG-c.1264_1280delCCCGTTGCGAGATACCT,katG-p.Ala424Val,katG-p.Ala424Gly,katG-p.Ala424Glu,katG-c.1269delT,katG-c.1266delC,katG-c.-1180_1265del,katG-c.1263dupT,katG-c.1259delT,katG-p.Met420Thr,katG-c.1202_1257delCCGAGGAATTGGCCGACGAGTTCGCCAAGGCCTGGTACAAGCTGATCCACCGAGAC,katG-p.Asp419His,katG-c.1252_1253delCG,katG-p.Arg418Gln,katG-p.Arg418Leu,katG-p.Arg418*,katG-c.1249delC,katG-c.1247dupT,katG-c.1179_1246delCACGCGTCGCTGGCTGGAACACCCCGAGGAATTGGCCGACGAGTTCGCCAAGGCCTGGTACAAGCTGA,katG-c.1245dupG,katG-c.1245delG,katG-p.Tyr413His,katG-c.1236delG,katG-p.Trp412*,katG-c.1233delC,katG-c.1231delG,katG-c.1229delA,katG-c.1221_1228dupGTTCGCCA,katG-c.1227dupC,katG-p.Ala409Asp,katG-c.1224dupC,katG-c.1218delC,katG-c.1209dupA,katG-c.1207delG,katG-c.976_1205del,katG-c.1203delC,katG-c.1203dupC,katG-c.1199dupA,katG-c.1195_1196dupGA,katG-p.Trp397*,katG-c.1189dupT,katG-p.Thr394Ala,katG-c.1179dupC,katG-c.1176_1177dupGA,katG-p.Ile393Asn,katG-c.1176dupG,katG-c.-166_1172del,katG-c.1163dupC,katG-c.1155_1156dupGG,katG-c.1156delG,katG-p.Leu384Arg,katG-c.1147_1148delTC,katG-c.1144dupC,katG-c.1142dupA,katG-c.1142delA,katG-c.1141dupG,katG-p.Asp381Gly,katG-p.Thr380Ile,katG-c.1137delC,katG-p.Ala379Val,katG-p.Leu378Pro,katG-c.1124delC,katG-c.1124dupC,katG-c.1102_1123delTTCGGCGGGCCAGGGCGCTCCC,katG-c.1120dupT,katG-c.1116delG,katG-c.1113delA,katG-c.1110delG,katG-c.1098_1108delCCCGTTCGGCG,katG-c.1100dupC,katG-c.1100delC,katG-p.Pro365Leu,katG-c.1086_1089dupCACC,katG-c.1087delA,katG-c.1083delC,katG-c.1082_1083dupCC,katG-p.Ala361Asp,katG-c.1081dupG,katG-c.1080_1081insA,katG-c.1080delT,katG-c.1078_1079delGG,katG-c.1077delC,katG-c.1073delG,katG-p.Asp357His,katG-c.1065delC,katG-c.1058_1060dupACA,katG-c.1053delG,katG-p.Gln352*,katG-p.Trp351*,katG-p.Ala350Ser,katG-p.Ala350Thr,katG-c.1046dupG,katG-c.1032delG,katG-c.1024dupG,katG-c.1024delG,katG-p.Trp341Ser"
P28-ns-L1,P28-ns-R1,761264,762034,"rpoB-p.Leu490Val,rpoB-p.Ile491Phe,rpoB-p.Ser493Leu,rpoB-c.1649_1651dupAGC,rpoB-p.Arg552Cys,rpoB-p.Glu592Asp"
P29-ns-L1,P29-ns-R1,762403,763213,rpoB-p.Gly981Asp
P30-ns-L1,P30-ns-R1,3087131,3087981,"ald-c.317_318insT,ald-c.436_437dupGC,ald-c.464delG,ald-c.839_843dupCGACC,ald-c.879_880dupGC,ald-c.897_898dupGA,ald-c.968_969dupAG,ald-c.992dupC,ald-c.1107dupG"
P31-ns-L1,P31-ns-R1,4240792,4241628,"embC-p.Trp326Arg,embC-p.Tyr327Asn"
P32-ns-L1,P32-ns-R1,2155354,2156296,"katG-c.756delT,katG-p.Phe252Leu,katG-p.Thr251Met,katG-p.Arg249Cys,katG-c.729delC,katG-p.Ala243Ser,katG-c.720_724dupCCCCA,katG-c.723delC,katG-c.719delA,katG-p.Asn238Lys,katG-c.713delA,katG-c.-14064_710del,katG-c.581_707del,katG-p.Asn236Thr,katG-c.704dupC,katG-c.702delG,katG-c.702dupG,katG-p.Gly234Glu,katG-p.Gly234Arg,katG-c.398_698del,katG-c.695_696insT,katG-c.690delG,katG-p.Val230Ala,katG-c.684_685dupCT,katG-c.678_679dupGC,katG-c.678delG,katG-p.Asn218Lys,katG-c.653dupA,katG-c.649delG,katG-c.643delG,katG-c.640delC,katG-c.633dupC,katG-c.633_634insT,katG-c.629delA,katG-c.628delT,katG-c.621delT,katG-c.618delC,katG-c.612delG,katG-p.Trp204*,katG-c.607_608dupAC,katG-c.601_602dupGA,katG-c.597dupC,katG-c.578_597delCCGATGAGGTCTATTGGGGC,katG-c.596dupG,katG-c.596delG,katG-p.Trp198*,katG-c.592dupT,katG-c.588dupC,katG-c.585_586dupGG,katG-p.Glu195Lys,katG-c.580delG,katG-c.579delC,katG-c.574dupG,katG-c.-4547_574del,katG-p.Trp191Arg,katG-c.565delG,katG-p.Gly186Val,katG-c.554delT,katG-c.531_540delCTTCAAGACG,katG-p.Thr180Lys,katG-c.524_536delCGATGGGCTTCAA,katG-c.536delA,katG-c.530delG,katG-c.527_530delTGGG,katG-c.517_529delCTGGAATCGATGG,katG-p.Met176Ile,katG-p.Ser175*,katG-c.522_523insAGTC,katG-p.Ala172Val,katG-p.Ala172Thr,katG-c.512delG,katG-c.497_501delTTTTC,katG-c.500dupT,katG-c.500delT,katG-c.495dupT,katG-c.485dupC,katG-c.485delC,katG-c.484delG,katG-c.484dupG,katG-p.Ala162Thr,katG-p.Trp161*,katG-c.478_479dupTC,katG-p.Ser160Leu,katG-c.476delT,katG-c.464_473delACGGCAAGAA,katG-c.470delA,katG-p.Tyr155*,katG-p.Tyr155Cys,katG-p.Tyr155Ser,katG-c.461delA,katG-c.451delG,katG-c.446_447dupGG,katG-p.Trp149*,katG-c.428delA,katG-p.Lys143Thr,katG-p.Asp142Ala,katG-c.424delG,katG-c.422delT,katG-p.Leu141Phe,katG-c.421_422insGT,katG-p.Ser140Asn,katG-p.Ser140Gly,katG-c.416_417insG,katG-c.415_416insT,katG-p.Ala139Pro,katG-p.Asn138Ser,katG-p.Asn138Asp,katG-p.Asn138His,katG-c.411delC,katG-c.408delC,katG-c.403delT,katG-c.392_402delCGCTTAACAGC,katG-c.396delT,katG-c.390_391delGC,katG-c.384_388delGTTCG,katG-c.-653_388del,katG-c.382dupC,katG-p.Arg128Pro,katG-c.375_382dupCATGCAGC,katG-c.377_380dupTGCA,katG-p.Gln127Pro,katG-c.378delG,katG-p.Gln127*,katG-p.Met126Ile,katG-c.376_377delAT,katG-c.373_376delGGCA,katG-c.372_375delCGGC,katG-c.372_373delCG,katG-c.372_373dupCG,katG-p.Gly125Cys,katG-c.372delC,katG-c.372_373insAG,katG-c.371delG,katG-c.371dupG,katG-c.369_371delGGG,katG-c.369_370insCA,katG-c.366_367delCG,katG-c.367delG,katG-c.362_364delGCG,katG-p.Gly121Val,katG-p.Gly121Cys,katG-c.349dupG,katG-c.344_347delTCCA,katG-c.344delT,katG-c.337_340dupTACC,katG-c.337delT,katG-c.336dupC,katG-c.332delG,katG-p.Ala110Val,katG-p.Ala109Val,katG-c.325delG,katG-p.His108Gln,katG-c.321delG,katG-p.His108Asp,katG-c.-2557_320del,katG-p.Trp107*,katG-p.Trp107Arg,katG-p.Ala106Val,katG-c.313_316dupATGG,katG-c.316delG,katG-c.316dupG,katG-p.Arg104Leu,katG-c.310dupC,katG-p.Arg104Gln,katG-c.306delT,katG-c.300_301delGC,katG-c.300_301insGC,katG-c.296_297delGG,katG-c.297delG,katG-c.296_297insTG,katG-p.Gly99Glu,katG-c.285_292delCGGCCACT,katG-c.289delC,katG-c.281_285delACTAC,katG-p.Gly96Cys,katG-p.Asp94Ala,katG-p.Asp94Gly,katG-c.275_276dupCC,katG-c.275_276insGTAGT,katG-c.273delG,katG-p.Trp91Arg,katG-p.Trp90*,katG-c.268dupT,katG-c.267_268insT,katG-p.Gln88Arg,katG-p.Gln88*,katG-c.238_260delATCGAGGAAGTGATGACCACCTC,katG-c.254_258delCCACC,katG-p.Thr85Pro,katG-c.252dupG,katG-p.Met84Ile,katG-c.248_249dupTG,katG-c.235delG,katG-p.Asp74Gly,katG-p.Asp74Tyr,katG-p.Asp72Gly,katG-c.200_202delAGG,katG-c.-11324_202del,katG-p.Ala65Thr,katG-p.Asp63Glu,katG-c.180_181delGG,katG-p.Ala61Thr,katG-c.177delT,katG-c.167dupA,katG-c.152delA,katG-c.151_152insCAA,katG-c.146_147dupAC,katG-c.146dupA,katG-c.-615_146del,katG-c.143dupT,katG-p.Leu48Gln,katG-c.142delC,katG-c.135_136insT,katG-c.133_134delCT,katG-c.126delG,katG-c.98_126delGCGGAAACCAGGACTGGTGGCCCAACCGG,katG-c.122dupA,katG-c.120delC,katG-c.114_117delGTGG,katG-c.-3508_116del,katG-c.114delG,katG-p.Trp38*,katG-p.Gln36*,katG-c.104delA,katG-p.Asn35Asp,katG-c.89_98dupTCGAGGGCGG,katG-c.96dupC,katG-c.95delG,katG-c.92delA,katG-c.88dupG,katG-c.86_88delCCG,katG-c.87delC,katG-c.87dupC,katG-p.Tyr28*,katG-c.-5249_79del,katG-c.78delG,katG-c.76delA,katG-c.69_73dupGGGTC,katG-c.70_71dupGG,katG-c.67_71delGTGGG,katG-c.66dupC,katG-c.52_65delAACGGCTGTCCCGT,katG-c.64delG,katG-c.59_60dupGT,katG-c.59dupG,katG-c.58delT,katG-c.57_58dupCT,katG-c.56delG,katG-p.Gly19Asp,katG-c.54delC,katG-c.53delA,katG-p.Ser17Asn,katG-c.48delT,katG-c.47delC,katG-c.-2717_47del,katG-c.45_46insA,katG-c.-3944_43del,katG-c.41dupG,katG-c.41delG,katG-c.36delC,katG-c.28_35delGAAACCAC,katG-c.28_34delGAAACCA,katG-c.31delA,katG-p.Thr11Ala,katG-c.28_29dupGA,katG-c.28dupG,katG-c.27_28insT,katG-c.27delA,katG-c.27dupA,katG-c.26dupC,katG-c.24dupT,katG-c.22dupA,katG-c.22delA,katG-c.15_21dupCCCACCC,katG-c.18dupA,katG-c.18delA,katG-c.17delC,katG-c.9_16delGCAACACC,katG-c.12_15delACAC,katG-c.8_9dupAG,katG-c.7delG,katG-c.6_7delCG,katG-c.2_6dupTGCCC,katG-c.6delC,katG-p.Pro2Ser,katG-p.Val1Ala,katG-p.Val1Leu,katG-c.-7G>A,katG-c.-10A>C,katG-c.-12G>A"
P33-ns-L1,P33-ns-R1,4324686,4325506,"ethA-c.-561_*1304del,ethA-c.-692_*1293del,ethA-c.1269_*1247del,ethA-c.-553_*1240del,ethA-c.-744_*1229del,ethA-c.-486_*1150del,ethA-c.-486_*1147del,ethA-c.-419_*1141del,ethA-c.-339_*1091del,ethA-c.-2025_*1048del,ethA-c.-989_*1041del,ethA-c.-673_*1028del,ethA-c.-1541_*939del,ethA-c.-1340_*880del,ethA-c.-2495_*878del,ethA-c.1100_*809del,ethA-c.-1641_*761del,ethA-c.-1770_*746del,ethA-c.621_*634del,ethA-c.-1232_*577del,ethA-c.-1083_*565del,ethA-c.-1083_*563del,ethA-c.815_*500del"
P34-ns-L1,P34-ns-R1,779482,780251,
P35-ns-L1,P35-ns-R1,4324241,4325167,"ethA-c.-95_*1617del,ethA-c.-1335_*1616del,ethA-c.-2186_*1615del,ethA-c.-2184_*1614del,ethA-c.-2186_*1614del,ethA-c.-2185_*1613del,ethA-c.-2026_*1554del,ethA-c.899_*1548del,ethA-c.899_*1547del,ethA-c.170_*1507del,ethA-c.-388_*1403del,ethA-c.-561_*1304del,ethA-c.-692_*1293del,ethA-c.1269_*1247del,ethA-c.-553_*1240del,ethA-c.-744_*1229del,ethA-c.-486_*1150del,ethA-c.-486_*1147del,ethA-c.-419_*1141del,ethA-c.-339_*1091del,ethA-c.-2025_*1048del,ethA-c.-989_*1041del,ethA-c.-673_*1028del,ethA-c.-1541_*939del,ethA-c.-1340_*880del,ethA-c.-2495_*878del"
