Amplicon_ID	pSequences
P1-sp-L1	GGGCCGATCAACCCGAAT
P2-sp-L1	TTCCACGTCGGTTTGTTCCT
P3-sp-L1	GGCGCCATGGGTCTTACC
P4-sp-L1	GACCACAACCAGGATGAGCA
P1-ns-L1	AGGCGCTGTTGGACATCTAC
P2-ns-L1	TGAAGGTGTCGTAGAAGRGG
P3-ns-L4	GTTCCGGCCTGCATCGTC
P4-ns-L1	GTGGTACCGCYTCAACGTAG
P5-ns-L1	CAAACGTCACGAGRGTAACC
P6-ns-L1	CTCGCGCTGATCACCATGT
P7-ns-L1	AGCGAAATTCCTTGTCGGGT
P8-ns-L1	AGCGGTACAAGGGTCTAGGT
P9-ns-L1	TGTGGGTTTCCTTCCTTGGG
P10-ns-L1	CTCCACTCGCCATCCGTG
P11-ns-L1	AACGTGGTAACCCGCATCC
P12-ns-L1	TTTAGCGGTGTGGGATGAGC
P13-ns-L1	GCCACCGCGACGAAACTG
P14-ns-L1	GGGGTGAACTCCATGAAGGG
P15-ns-L1	AGCGTGTACATGTCGGAGTC
P16-ns-L1	CCAACTCACCGGTGATGGAT
P17-ns-L1	GTCGARYGCGTTTCACATCG
P18-ns-L1	GGTTGAGCTTCTCGGCGAT
P19-ns-L1	GCTTGCCGGAAAGACATGC
P20-ns-L1	CTCGACCACTGCCACGTC
P21-ns-L1	TGAACAAGGCTGTGTCCTCG
P22-ns-L1	CCCGACGACCTATACGGAGA
P23-ns-L1	TGATGTCATCGCCGAGTTGG
P24-ns-L1	GAAGTCGATGCCGGGCGGAT
P25-ns-L1	ACCGAGAAATGTCCGACGTC
P26-ns-L1	CAACGATCCTCGGGTGGTG
P27-ns-L1	CGGATGCGGATCGTAGTTCT
P28-ns-L1	GTACTGACGACGGCGAGATG
P29-ns-L1	ATCTGGTCGATGTGCTCACC
P1-sp-R1	CAACATCACGGTGCCCTTCA
P2-sp-R1	GGTAAGACCCATGGCGCC
P3-sp-R1	MCGTGATCACAGCCCGATAA
P4-sp-R1	ACAAAAACGGTGACCCCACA
P1-ns-R1	CCATGTAGTCCACCTCAGACG
P2-ns-R1	TGGTCATGTTCGCGATCGTC
P3-ns-R4	GGTGGGCAGGATGRGGTAGT
P4-ns-R1	TTGACATTGTCGAGAGCCCG
P5-ns-R1	CATCCTCGGAAGCCAGGAAG
P6-ns-R1	AGCGACCTGTTGGCCAAG
P7-ns-R1	GACCGAACGTGGCTATCCAG
P8-ns-R1	GGCCGTCGTAGTTAGGGATG
P9-ns-R1	CAGTTGGGGCGTTTTCGTG
P10-ns-R1	GGAGTGCGTAATGTCTCCYA
P11-ns-R1	CCACCTGGTGCATCAGCG
P12-ns-R1	GCCCCCRTCAATTCCTTTGA
P13-ns-R1	YGTGATGATCGACCGGGTTT
P14-ns-R1	CTACATCGTGTCGCAGCCAG
P15-ns-R1	TTGTGCGACCCGAATGTCTC
P16-ns-R1	CTTACCGGTATCCACGCCAC
P17-ns-R1	CTCGAGCAGCTGGATCTGG
P18-ns-R1	GCTCCGACTCCGACATGTAC
P19-ns-R1	TGTCAATCYAAACCCCCAGG
P20-ns-R1	GGCTGCGCTGCAATGAATT
P21-ns-R1	CTTGAGTTTGTACAGCGGCG
P22-ns-R1	ACCAGGGTGTCSAACTTGC
P23-ns-R1	CGGGCTCAGATGTCGAAGAG
P24-ns-R1	CAGGACAGTCACGCCGAC
P25-ns-R1	GTGGGGTTCAACTCTGGGAG
P26-ns-R1	CCGCATCCTCCAATCCCTTG
P27-ns-R1	GATTTGCTGCGCACCGATC
P28-ns-R1	TTCTCACCGAAGATGGCACG
P29-ns-R1	GACCGCGTGYCAATCGTGA
