Drug,primer name,forward,reverse,Amplicon size,Start,End
Fluoroquinolones,,AGAGTTGGTGCGGCGTAA,GCCACTTGAGTTTGTACAGC,449,6511,6959
Fluoroquinolones,gyrA,GTTGACATCGAGCAGGAGAT,AAATCGACTGTCTCCTCGTC,404,7353,7756
Rifampicin,rpoB_1,GGTGGCCTGGAAGAGGT,AGAACCCGAACCGCTCG,514,760038,760551
Rifampicin,rpoB_2,CCCCGACCAAAGAGTCA,CTCACGTGACAGACCGC,542,760645,761186
Rifampicin,rpoB_3,TGCTCACCTCGATCCACATC,ATCTTGCGTTTCTGAGCCAC,400,762025,762424
Rifampicin,rpoC,TGCGCCCGATGGTGCAGCT,CGGCGATGACCTCTTCG,507,764340,764846
Bedaquiline/Clofazimine,mmpR5,TTCGAGTCCAGGAGTTTGAC,GCTCATCAGTCGTCCTCTC,425,779068,779492
Streptomycin,rpsL,GTGAAAGCGCCCAAGATAGA,CATCAGCCCTTCTCCTTCTT,407,781530,781936
Streptomycin**,rrs_1,ATTGCACAATGGGCGCAAGC,CAAGGAAGGAAACCCACACC,475,1472209,1472684
Streptomycin**,rrs_3,CACAGGACGCGTCTAGAGAT,AGGTGATCCAGCCGCACCTT,539,1472837,1473375
Isoniazid* (Rv1482c-fabG1),fabG1,CCAGAAAGGGATCCGTCATG,GACCCTGGTGCTCTTCTAC,400,1673281,1673680
Isoniazid*,inhA_1,CAAACGGATTCTGGTTAGCG,GACCGTCATCCAGTTGTAGG,469,1674222,1674690
Isoniazid*,inhA_2,CTGCTGCCGATCATGAACC,GCGTTCTAGAGCAATTGGGT,416,1674601,1675016
PAS,tlyA,TTGTTGGCCGCCCTGGA,CCAACGAGATGAACGACAGGTCGG,524,1917897,1918420
Isoniazid,katG_1,GCCGATCAACCCGAATCA,AGTACATGCTGCTCGACAAG,419,2153874,2154292
Isoniazid,katG_2,ATTGCCAAGCGCCAGCA,TCAAGACGTTCGGGTTCGG,525,2155055,2155579
Pyrazinamide,pncA_1,CCAACAGTTCATCCCGGTT,GACTATTCCTCGTCGTGGC,405,2288651,2289055
Pyrazinamide,pncA_2,AGGCACCCTTGTAGAACAC,TTGTCGCTCACTACATCACC,457,2288947,2289403
Isoniazid (oxyR'-ahpC),ahpC,GCCGGCTAGCACCTCTT,GCGCTTGATGTCGGAGA,479,2726062,2726540
PAS,folC,GACCACTGCCACGTCGA,TTCGACGAATTCCGGCC,514,2747080,2747593
PAS,thyX,GGTCTTGGGATTGGGCTTGG,GCCGCTGGACACTTGCCTAT,460,3067784,3068244
PAS,thyA,CATACCGCGACTGGAGCTTT,ATCATCGTGTCGGCCTGGAA,409,3073681,3074090
Ethambutol,embA,AGCTACCTCAAAGACGACTG,AGCAGGGGATCGAGATGT,461,4243001,4243461
Ethambutol,embB,GCACCTTCACCCTGACCG,GGCTGCACACCCAGTGTG,517,4247334,4247850
Ethambutol,embB_2,GATGCTGCGGATCTTGGTG,GATACCAACACCGTCGTCAG,461,4247896,4248356
Ethionamide,ethA_1,TCGCTAAAGCTAAACCCC,TGAACGGTTCACCGCGA,529,4325995,4326523
Ethionamide,ethA_2,CCGGATGAGCCGGATGT,CCATTCGTCACGGGAAGG,497,4326067,4326563
Streptomycin,gid,CCTTTGATGGCGAGCATTC,AGTGCGTAATGTCTCCGATC,499,4407712,4408210
Aminoglycosides (eis-Rv2417c),eis,AGGGTCACAGTCACAGAATC,AAACTTGTTCTGGTCCAACG,429,2715319,2715747
D-Cycloserine,ald,TCGCGGAACTAACCCGT,ATGCGGGCTGCGTTGTA,490,3086887,3087376
D-Cycloserine,alr,ATGGCTTGGCGTAACGC,CGTTGGCCATGACACCG,484,3840873,3841356
Ethambutol,embC,AGATCGTCGGGGTGTTCA,GTCGTAGTACCAGCCGAAAG,401,4240449,4240849
Ethionamide,ethA_3,CGGAGTCGGAGCGAATT,GTCGGCTTGATTGACCACC,499,4327302,4327800
Ethionamide,ethR,GGCCGACGTTCTACTTCTAT,GTTCTCGCCGTAAATGCTG,473,4327721,4328193
Ethambutol,embB_3,CAGACTGTGGTGCTCGAATAC,AGCAACAGGTCGGTGATCC,446,4249199,4249644
Rifampicin,rpoB (1_2),CTGTCTCCGATCGAGGACTTCT,AGACGAGGGCACGTACTCCA,1446,760065,761510
